niche,total,no_website,no_website_pct,warm_leads,with_phone,avg_outreach_score
(uncategorized),3009,562,18.7,510,2825,46.9
beauty_salon,731,264,36.1,279,711,80.8
winery,1873,371,19.8,240,1646,65.3
automotive_repair,644,150,23.3,161,639,78.6
real_estate_agent,1678,169,10.1,161,1659,75.5
farm,373,173,46.4,125,303,53.8
hair_salon,559,107,19.1,124,551,76.5
restaurant,494,136,27.5,110,455,69.3
barber,218,94,43.1,104,215,83.4
mexican_restaurant,439,97,22.1,101,431,74.9
professional_services,476,98,20.6,88,441,54.9
nail_salon,323,69,21.4,83,322,78.6
grocery_store,246,84,34.1,78,233,58.5
beauty_and_spa,152,69,45.4,72,133,76.5
day_care_preschool,137,73,53.3,67,123,78.8
gym,423,81,19.1,67,389,69.6
liquor_store,198,65,32.8,65,188,57.8
contractor,488,62,12.7,61,485,74.9
retirement_home,201,60,29.9,60,198,79.2
home_service,220,49,22.3,54,216,59.6
dentist,438,54,12.3,53,434,74.4
flowers_and_gifts_shop,266,53,19.9,52,254,75.6
gas_station,215,55,25.6,52,206,52.7
clothing_store,261,55,21.1,51,241,69.7
hotel,310,71,22.9,49,273,66.6
massage,181,32,17.7,49,181,78.1
cafe,228,52,22.8,48,215,72.0
tattoo_and_piercing,134,51,38.1,48,127,79.6
automotive,122,48,39.3,47,117,75.1
hvac_services,196,45,23.0,47,196,75.2
doctor,520,50,9.6,47,502,47.4
coffee_shop,242,46,19.0,44,220,68.4
apartments,203,44,21.7,44,198,50.2
convenience_store,126,47,37.3,43,121,56.6
event_planning,218,64,29.4,40,182,66.2
chiropractor,196,38,19.4,40,196,76.6
real_estate,315,57,18.1,39,292,54.3
tobacco_shop,71,33,46.5,37,70,65.8
antique_store,146,38,26.0,36,140,74.9
bar,172,58,33.7,36,139,61.3
pet_groomer,94,33,35.1,36,94,82.6
art_gallery,282,43,15.2,35,258,52.3
laundromat,88,41,46.6,35,81,59.6
shopping,129,46,35.7,35,103,49.3
resort,129,35,27.1,35,128,55.1
health_and_medical,164,39,23.8,35,159,53.0
landscaping,184,32,17.4,34,182,75.4
massage_therapy,184,28,15.2,34,183,76.5
spas,236,33,14.0,34,228,73.2
auto_body_shop,126,32,25.4,33,125,76.2
jewelry_store,199,30,15.1,33,198,74.1
preschool,186,32,17.2,33,181,74.8
thrift_store,86,33,38.4,33,80,61.9
school,143,59,41.3,32,107,45.6
bakery,221,37,16.7,31,206,69.9
cardiologist,117,31,26.5,31,117,53.1
retail,216,30,13.9,30,205,46.9
american_restaurant,245,33,13.5,29,231,68.9
pizza_restaurant,198,29,14.6,29,191,70.9
auto_detailing,74,25,33.8,28,72,81.0
furniture_store,180,27,15.0,28,175,73.6
martial_arts_club,135,28,20.7,28,127,74.6
social_service_organizations,132,32,24.2,28,118,53.3
boutique,119,25,21.0,27,116,76.3
construction_services,165,28,17.0,27,161,76.7
home_cleaning,105,22,21.0,27,105,77.9
active_life,119,56,47.1,27,71,37.6
fire_department,97,30,30.9,27,94,58.6
windshield_installation_and_repair,27,27,100.0,27,27,78.8
counseling_and_mental_health,203,25,12.3,27,197,55.9
womens_clothing_store,135,28,20.7,26,125,69.7
plumbing,189,27,14.3,26,188,71.2
food_truck,67,26,38.8,25,61,74.0
electronics,119,26,21.8,25,117,52.0
shoe_store,115,23,20.0,25,112,53.0
trusts,77,24,31.2,24,76,65.6
car_dealer,148,30,20.3,24,137,53.3
painting,116,25,21.6,24,114,53.7
acupuncture,122,23,18.9,23,121,76.0
electrician,143,20,14.0,23,143,72.9
insurance_agency,291,23,7.9,23,288,55.8
event_photography,69,21,30.4,22,64,75.1
towing_service,61,21,34.4,22,61,62.3
medical_center,299,26,8.7,22,292,47.2
emissions_inspection,64,18,28.1,22,64,60.6
mortgage_broker,159,22,13.8,21,158,75.7
tire_dealer_and_repair,67,18,26.9,21,67,82.0
mobile_home_park,96,19,19.8,21,96,57.0
shopping_center,88,33,37.5,21,63,42.3
general_dentistry,123,21,17.1,21,123,75.8
auto_insurance,196,21,10.7,21,196,47.5
day_spa,95,15,15.8,20,94,73.0
pet_store,110,14,12.7,20,110,75.3
community_center,81,21,25.9,20,67,51.7
nursery_and_gardening,101,20,19.8,20,98,57.8
home_improvement_store,83,22,26.5,20,80,54.3
printing_services,114,23,20.2,20,100,52.1
used_car_dealer,101,20,19.8,20,100,54.0
ice_cream_shop,100,20,20.0,20,96,54.6
accountant,100,17,17.0,19,99,76.1
barbecue_restaurant,82,20,24.4,19,77,71.5
gift_shop,147,22,15.0,19,142,68.3
pet_services,89,20,22.5,19,84,71.9
medical_spa,88,17,19.3,19,86,76.8
mobile_phone_store,80,20,25.0,19,76,52.1
skin_care,120,12,10.0,18,118,75.5
tree_services,76,17,22.4,18,76,55.4
self_storage_facility,163,18,11.0,18,163,50.3
appliance_store,62,18,29.0,18,62,55.7
delicatessen,69,18,26.1,18,68,78.3
used_vintage_and_consignment,47,14,29.8,18,42,59.0
roofing,108,17,15.7,17,108,72.5
financial_service,266,17,6.4,17,264,53.9
campground,141,38,27.0,17,115,45.0
equestrian_facility,57,18,31.6,17,55,62.1
chinese_restaurant,117,13,11.1,17,113,71.5
optometrist,97,15,15.5,16,96,74.3
toy_store,55,14,25.5,16,52,56.5
building_supply_store,223,15,6.7,16,220,50.1
donuts,54,16,29.6,16,53,58.5
freight_and_cargo_service,79,16,20.3,16,79,57.0
farmers_market,104,25,24.0,16,88,48.3
property_management,180,16,8.9,16,180,53.5
bar_and_grill_restaurant,57,17,29.8,15,54,77.9
physical_therapy,92,15,16.3,15,90,72.7
wine_bar,179,15,8.4,15,172,69.3
bed_and_breakfast,154,22,14.3,15,147,71.1
car_wash,72,12,16.7,15,69,54.3
holiday_rental_home,130,18,13.8,15,112,49.2
sporting_goods,93,14,15.1,15,91,55.1
car_window_tinting,41,14,34.1,15,39,60.9
handyman,25,13,52.0,14,25,86.6
arts_and_crafts,105,15,14.3,14,97,53.0
rv_park,49,15,30.6,14,46,59.0
auto_glass_service,48,11,22.9,14,48,57.3
naturopathic_holistic,153,15,9.8,14,146,54.9
travel,98,35,35.7,14,71,36.8
home_health_care,126,14,11.1,14,126,50.2
sports_and_recreation_venue,81,20,24.7,14,72,49.9
brake_service_and_repair,54,13,24.1,14,54,52.6
fence_and_gate_sales_service,37,13,35.1,14,37,59.9
office_equipment,39,15,38.5,14,38,54.8
veterinarian,134,13,9.7,13,133,73.7
amusement_park,43,18,41.9,13,35,50.9
organization,64,12,18.8,13,61,49.4
industrial_equipment,104,13,12.5,13,102,52.8
it_service_and_computer_repair,96,12,12.5,13,96,55.2
skate_park,93,38,40.9,13,57,36.0
supermarket,43,15,34.9,13,41,57.7
travel_services,65,15,23.1,13,58,54.8
marketing_agency,96,16,16.7,13,92,53.6
dry_cleaning,50,12,24.0,13,48,74.8
orthopedist,77,13,16.9,13,76,49.8
hardware_store,82,11,13.4,12,82,55.2
accommodation,80,35,43.8,12,49,35.4
fire_protection_service,61,15,24.6,12,57,54.1
tire_shop,55,12,21.8,12,55,72.5
flooring_store,47,12,25.5,12,46,71.4
chimney_sweep,26,12,46.2,12,26,61.3
pharmacy,104,13,12.5,12,102,49.4
hair_removal,34,11,32.4,12,32,76.6
waxing,32,10,31.2,12,32,80.2
candy_store,38,12,31.6,12,37,58.9
carpet_store,68,10,14.7,11,68,77.0
caterer,83,11,13.3,11,82,73.2
mens_clothing_store,29,9,31.0,11,29,78.5
smoothie_juice_bar,48,10,20.8,11,43,69.7
appliance_repair_service,35,11,31.4,11,34,60.1
gardener,48,11,22.9,11,47,55.4
cosmetic_dentist,68,11,16.2,11,68,71.8
florist,48,11,22.9,11,46,69.1
italian_restaurant,142,12,8.5,11,137,70.0
automotive_parts_and_accessories,46,9,19.6,10,46,77.5
tanning_salon,48,11,22.9,10,47,76.9
topic_concert_venue,60,14,23.3,10,39,40.0
family_practice,40,10,25.0,10,39,57.1
psychologist,57,10,17.5,10,57,55.2
brewery,108,14,13.0,10,98,65.7
cosmetic_and_beauty_supplies,84,12,14.3,10,79,67.4
fruits_and_vegetables,26,12,46.2,10,22,56.2
desserts,55,10,18.2,10,52,50.9
fast_food_restaurant,73,14,19.2,10,68,65.4
thai_restaurant,93,9,9.7,10,92,72.6
dance_school,106,11,10.4,10,99,53.5
fashion_accessories_store,58,11,19.0,10,55,49.2
home_decor,61,11,18.0,10,60,48.4
pet_sitting,22,8,36.4,10,22,82.2
carpet_cleaning,42,10,23.8,10,42,74.2
filipino_restaurant,16,9,56.2,10,16,88.2
furniture_assembly,21,6,28.6,9,21,85.9
lawyer,167,7,4.2,9,166,75.8
masonry_concrete,46,9,19.6,9,46,73.7
tax_services,54,9,16.7,9,54,69.6
internal_medicine,93,9,9.7,9,93,47.7
notary_public,39,6,15.4,9,38,74.6
pub,46,13,28.3,9,39,64.9
taco_restaurant,38,9,23.7,9,38,75.3
corporate_office,148,9,6.1,9,146,49.9
bookstore,63,11,17.5,9,59,52.9
food_delivery_service,24,11,45.8,9,22,75.9
mortgage_lender,168,9,5.4,9,168,65.5
health_food_store,31,7,22.6,8,31,79.0
pool_cleaning,25,8,32.0,8,24,78.3
machine_shop,28,8,28.6,8,28,62.4
commercial_industrial,20,8,40.0,8,19,60.8
discount_store,38,11,28.9,8,32,45.8
e_cigarette_store,20,8,40.0,8,20,65.3
music_production,43,11,25.6,8,39,55.1
agriculture,27,10,37.0,8,22,52.8
lumber_store,31,8,25.8,8,31,57.3
burger_restaurant,79,8,10.1,8,77,70.7
pest_control_service,50,8,16.0,8,50,72.2
butcher_shop,33,8,24.2,8,33,58.4
museum,66,11,16.7,8,54,43.9
pop_up_shop,16,8,50.0,8,15,66.3
sewing_and_alterations,20,8,40.0,8,20,67.8
baseball_field,64,34,53.1,8,25,23.5
hot_dog_restaurant,19,7,36.8,8,19,83.0
japanese_restaurant,51,8,15.7,8,50,73.4
divorce_and_family_law,83,8,9.6,8,83,72.1
advertising_agency,92,11,12.0,8,88,49.3
arcade,20,9,45.0,8,19,63.9
bridal_shop,35,8,22.9,8,34,57.4
automotive_services_and_repair,34,7,20.6,7,33,75.6
breakfast_and_brunch_restaurant,73,6,8.2,7,70,65.7
hair_supply_stores,15,5,33.3,7,15,86.5
yoga_studio,117,5,4.3,7,110,69.6
interior_design,115,6,5.2,7,114,74.0
home_goods_store,59,6,10.2,7,55,51.3
music_venue,50,13,26.0,7,39,45.1
venue_and_event_space,96,6,6.2,7,93,65.4
sports_club_and_league,45,7,15.6,7,38,49.8
automobile_registration_service,13,6,46.2,7,13,69.5
countertop_installation,37,7,18.9,7,37,61.3
obstetrician_and_gynecologist,105,7,6.7,7,105,46.4
storage_facility,79,8,10.1,7,78,54.0
livestock_breeder,24,9,37.5,7,21,56.7
bicycle_shop,75,8,10.7,7,71,51.4
vietnamese_restaurant,39,7,17.9,7,39,74.0
agricultural_service,30,6,20.0,7,29,58.2
installment_loans,33,7,21.2,7,32,58.7
legal_services,144,6,4.2,7,143,52.2
sandwich_shop,61,8,13.1,7,59,49.9
video_game_store,28,8,28.6,7,27,55.0
metal_fabricator,54,7,13.0,7,53,54.1
business_management_services,53,7,13.2,7,53,48.5
computer_store,23,6,26.1,7,23,55.7
surgeon,67,6,9.0,7,67,48.0
graphic_designer,52,8,15.4,7,51,55.0
makeup_artist,28,5,17.9,7,28,61.1
life_coach,31,6,19.4,7,29,58.5
dairy_farm,16,10,62.5,7,13,57.4
land_surveying,28,7,25.0,7,28,54.7
business_equipment_and_supply,20,7,35.0,7,20,56.0
marriage_or_relationship_counselor,41,6,14.6,7,41,55.5
campus_building,49,17,34.7,7,24,28.8
excavation_service,18,6,33.3,6,18,79.8
gun_and_ammo,20,6,30.0,6,20,62.8
motorcycle_repair,20,6,30.0,6,19,62.2
race_track,29,10,34.5,6,21,43.3
homeless_shelter,19,6,31.6,6,19,62.4
arts_and_entertainment,115,15,13.0,6,87,39.8
marina,40,10,25.0,6,33,47.8
fashion,19,9,47.4,6,12,41.3
musical_instrument_store,51,6,11.8,6,49,51.5
wine_wholesaler,23,6,26.1,6,23,76.3
asian_restaurant,36,5,13.9,6,34,69.1
business,61,5,8.2,6,61,52.0
engineering_services,63,6,9.5,6,62,51.5
financial_advising,89,6,6.7,6,88,53.4
rental_service,16,6,37.5,6,16,67.1
wholesale_store,24,7,29.2,6,22,54.2
armed_forces_branch,33,13,39.4,6,23,41.7
art_school,34,6,17.6,6,34,59.8
tours,58,7,12.1,6,54,52.6
cinema,41,10,24.4,6,35,47.3
eye_care_clinic,14,6,42.9,6,14,62.3
medical_supply,46,7,15.2,6,42,46.3
transportation,48,10,20.8,6,43,51.1
kitchen_and_bath,21,6,28.6,6,21,53.8
rental_services,40,6,15.0,6,38,46.7
attractions_and_activities,63,43,68.3,6,18,17.6
seafood_restaurant,75,7,9.3,6,71,68.1
baby_gear_and_furniture,9,6,66.7,6,9,87.9
bankruptcy_law,34,6,17.6,6,34,70.8
sushi_restaurant,85,3,3.5,6,83,69.9
hobby_shop,29,7,24.1,6,27,54.4
psychic,21,6,28.6,6,20,59.9
theatre,50,10,20.0,6,42,47.9
investing,29,6,20.7,6,26,55.1
motorcycle_dealer,35,6,17.1,6,34,53.9
swimming_pool,44,10,22.7,6,38,45.4
builders,54,6,11.1,6,54,47.4
asian_grocery_store,6,6,100.0,6,6,79.0
indian_restaurant,57,6,10.5,5,56,72.7
septic_services,23,5,21.7,5,23,73.0
orthodontist,56,5,8.9,5,56,73.7
wine_tasting_room,39,6,15.4,5,37,63.9
senior_citizen_services,23,4,17.4,5,23,60.4
flea_market,13,6,46.2,5,11,56.1
boat_service_and_repair,19,5,26.3,5,19,65.2
truck_repair,14,5,35.7,5,14,63.4
water_supplier,23,5,21.7,5,23,59.6
bail_bonds_service,27,5,18.5,5,27,51.3
kitchen_supply_store,26,5,19.2,5,26,51.0
chicken_restaurant,27,4,14.8,5,27,72.3
courier_and_delivery_services,51,5,9.8,5,39,52.0
key_and_locksmith,54,5,9.3,5,54,69.6
dog_park,45,16,35.6,5,23,37.8
auto_customization,31,6,19.4,5,30,57.4
car_stereo_store,15,4,26.7,5,15,65.7
horseback_riding_service,10,6,60.0,5,9,63.4
private_school,42,5,11.9,5,42,57.9
airport,29,12,41.4,5,22,41.8
auto_parts_and_supply_store,69,6,8.7,5,67,45.6
business_to_business,33,5,15.2,5,32,47.8
health_consultant,16,5,31.2,5,16,54.9
laboratory_testing,32,5,15.6,5,32,53.5
pediatrician,84,5,6.0,5,83,45.8
steakhouse,34,6,17.6,5,32,51.2
party_supply,30,6,20.0,5,29,57.4
train_station,31,21,67.7,5,9,19.0
fitness_trainer,34,5,14.7,5,30,70.1
pilates_studio,49,5,10.2,5,48,74.1
wedding_planning,28,5,17.9,5,28,76.0
asian_fusion_restaurant,28,5,17.9,5,28,69.8
hair_stylist,19,4,21.1,5,19,72.6
office_cleaning,15,5,33.3,5,15,75.5
paving_contractor,25,5,20.0,5,25,74.8
pediatric_dentist,44,5,11.4,5,44,73.7
beauty_product_supplier,17,5,29.4,5,17,74.1
environmental_conservation_organization,34,6,17.6,5,26,45.3
shoe_repair,10,5,50.0,5,10,67.6
theatrical_productions,17,4,23.5,5,15,59.3
costume_store,14,5,35.7,5,14,60.1
hot_tubs_and_pools,24,5,20.8,5,24,51.1
leather_goods,8,5,62.5,5,8,65.4
oral_surgeon,27,5,18.5,5,27,55.0
sports_wear,21,4,19.0,5,19,48.7
business_advertising,19,4,21.1,5,18,60.4
eat_and_drink,14,6,42.9,5,11,54.2
hearing_aids,37,5,13.5,5,37,48.6
tattoo,5,2,40.0,4,5,89.2
horse_boarding,24,5,20.8,4,22,53.2
lounge,41,9,22.0,4,35,46.3
shipping_center,33,4,12.1,4,31,52.2
glass_and_mirror_sales_service,23,4,17.4,4,23,61.6
screen_printing_t_shirt_printing,33,3,9.1,4,33,59.6
business_manufacturing_and_supply,44,4,9.1,4,42,54.7
real_estate_service,51,4,7.8,4,50,50.8
middle_school,50,2,4.0,4,49,51.6
appraisal_services,22,4,18.2,4,22,52.6
mobile_phone_repair,17,4,23.5,4,17,51.9
recreational_vehicle_dealer,17,4,23.5,4,17,55.4
personal_injury_law,64,4,6.2,4,62,68.1
cocktail_bar,45,7,15.6,4,39,63.0
architect,33,4,12.1,4,33,68.0
building_contractor,29,4,13.8,4,28,70.3
carpenter,45,5,11.1,4,44,50.9
education,117,8,6.8,4,105,45.2
funeral_services_and_cemeteries,49,5,10.2,4,46,49.6
wills_trusts_and_probate,43,4,9.3,4,43,53.9
energy_equipment_and_solution,37,4,10.8,4,37,51.2
assisted_living_facility,78,4,5.1,4,67,40.2
cannabis_dispensary,53,4,7.5,4,52,46.5
check_cashing_payday_loans,17,4,23.5,4,17,52.6
garbage_collection_service,68,5,7.4,4,67,48.8
podiatrist,40,4,10.0,4,40,49.5
youth_organizations,46,5,10.9,4,41,48.3
drywall_services,11,3,27.3,4,11,55.5
tiling,15,3,20.0,4,15,57.4
food_stand,8,7,87.5,4,4,50.0
pet_boarding,30,3,10.0,4,30,73.0
restaurant_equipment_and_supply,6,4,66.7,4,6,89.7
wine_tours,28,4,14.3,4,28,68.7
cosmetic_surgeon,17,4,23.5,4,17,71.9
bagel_shop,18,5,27.8,4,16,53.4
chocolatier,20,4,20.0,4,19,58.0
wildlife_sanctuary,19,11,57.9,4,9,30.3
christmas_trees,27,5,18.5,4,26,47.3
deck_and_railing_sales_service,11,4,36.4,4,11,56.5
insulation_installation,9,4,44.4,4,9,59.3
auto_restoration_services,18,4,22.2,4,18,56.1
music_and_dvd_store,29,3,10.3,4,28,53.3
transmission_repair,14,4,28.6,4,14,57.4
sports_and_fitness_instruction,24,7,29.2,4,20,66.2
sports_bar,24,4,16.7,4,24,74.3
tutoring_center,34,4,11.8,4,34,74.2
junk_removal_and_hauling,8,2,25.0,4,8,64.8
trophy_shop,10,3,30.0,4,10,63.9
pan_asian_restaurant,14,4,28.6,4,14,73.7
janitorial_services,25,4,16.0,4,25,52.5
limo_services,29,4,13.8,4,29,54.9
music_school,41,2,4.9,4,40,55.7
environmental_conservation_and_ecological_organizations,14,4,28.6,4,14,59.1
online_shop,22,3,13.6,4,22,49.9
packing_supply,17,5,29.4,4,16,50.2
dive_bar,22,3,13.6,3,22,74.3
topic_publisher,17,3,17.6,3,13,61.5
recreation_vehicle_repair,8,3,37.5,3,8,66.8
horse_riding,9,2,22.2,3,9,62.9
urban_farm,9,6,66.7,3,5,41.4
specialty_grocery_store,35,2,5.7,3,34,54.9
animal_shelter,46,4,8.7,3,44,54.0
nature_reserve,37,11,29.7,3,21,29.9
cabinet_sales_service,18,2,11.1,3,18,49.4
home_inspector,23,2,8.7,3,23,51.2
pain_management,17,3,17.6,3,17,49.8
diner,30,4,13.3,3,29,72.1
dog_trainer,31,3,9.7,3,31,75.4
gastropub,22,3,13.6,3,22,77.2
driving_school,22,3,13.6,3,22,75.3
food_beverage_service_distribution,26,3,11.5,3,26,71.4
bike_rentals,12,3,25.0,3,12,59.3
disc_golf_course,12,7,58.3,3,7,37.1
hunting_and_fishing_supplies,26,3,11.5,3,26,55.5
vitamins_and_supplements,25,3,12.0,3,25,52.0
medical_service_organizations,18,3,16.7,3,18,57.9
specialty_school,28,4,14.3,3,26,50.9
garage_door_service,45,3,6.7,3,45,48.2
nutritionist,15,3,20.0,3,15,57.9
ophthalmologist,21,3,14.3,3,21,48.7
party_equipment_rental,13,3,23.1,3,13,51.7
social_and_human_services,26,3,11.5,3,26,49.8
telecommunications,22,3,13.6,3,22,49.0
fair,21,2,9.5,3,18,46.1
sign_making,35,3,8.6,3,35,56.7
immigration_law,23,2,8.7,3,23,74.0
vegetarian_restaurant,10,3,30.0,3,10,78.9
well_drilling,8,3,37.5,3,8,80.2
estate_planning_law,25,3,12.0,3,25,68.0
furniture_reupholstery,3,3,100.0,3,3,99.0
escape_rooms,5,3,60.0,3,5,75.8
housing_authorities,15,3,20.0,3,13,52.8
radio_station,26,5,19.2,3,24,54.1
educational_services,29,3,10.3,3,26,50.6
skate_shop,6,3,50.0,3,5,55.8
boat_dealer,15,3,20.0,3,15,54.0
bus_station,23,12,52.2,3,13,30.8
tennis_court,24,10,41.7,3,16,40.0
art_supply_store,4,3,75.0,3,4,70.0
audiovisual_equipment_rental,11,3,27.3,3,11,53.1
auto_upholstery,8,3,37.5,3,8,59.2
boat_charter,11,3,27.3,3,11,53.3
demolition_service,10,3,30.0,3,9,50.0
department_store,38,4,10.5,3,37,46.3
endocrinologist,16,3,18.8,3,16,50.1
irrigation,14,3,21.4,3,14,51.2
perfume_store,6,3,50.0,3,6,63.3
pool_and_hot_tub_services,9,3,33.3,3,9,55.6
roadside_assistance,7,3,42.9,3,7,58.6
weight_loss_center,40,3,7.5,3,40,49.9
airport_shuttles,10,3,30.0,3,10,56.4
candle_store,5,2,40.0,3,5,63.0
boot_camp,14,3,21.4,3,14,59.1
boxing_class,13,4,30.8,3,12,58.4
bubble_tea,21,3,14.3,3,19,48.8
cosmetology_school,11,4,36.4,3,10,56.8
print_media,8,2,25.0,3,7,61.0
framing_store,9,3,33.3,3,9,58.9
civil_engineers,16,3,18.8,3,16,50.4
door_sales_service,12,3,25.0,3,12,52.3
paint_store,23,3,13.0,3,23,48.5
process_servers,5,3,60.0,3,5,65.0
radiologist,13,3,23.1,3,13,52.5
sunglasses_store,16,3,18.8,3,14,44.9
travel_agents,25,3,12.0,3,25,49.8
video_film_production,8,3,37.5,3,8,57.0
ice_cream_and_frozen_yoghurt,5,3,60.0,3,5,64.8
private_investigation,13,3,23.1,3,13,56.8
food_banks,14,4,28.6,2,12,67.6
childrens_museum,5,3,60.0,2,4,54.8
dance_club,21,5,23.8,2,13,33.6
history_museum,35,5,14.3,2,31,48.6
stadium_arena,17,7,41.2,2,7,24.0
agricultural_cooperatives,6,2,33.3,2,5,57.8
ambulance_and_ems_services,14,2,14.3,2,13,53.2
business_consulting,20,2,10.0,2,20,48.0
comic_books_store,13,2,15.4,2,13,56.5
airlines,3,2,66.7,2,3,75.3
cannabis_clinic,35,2,5.7,2,34,54.1
general_litigation,4,2,50.0,2,4,61.5
swimwear_store,9,2,22.2,2,9,51.6
t_shirt_store,28,2,7.1,2,28,46.2
welding_supply_store,14,2,14.3,2,14,48.6
childrens_clothing_store,44,3,6.8,2,42,65.3
dermatologist,44,2,4.5,2,44,67.1
korean_restaurant,16,2,12.5,2,14,64.2
flooring_contractors,29,2,6.9,2,29,70.3
landscape_architect,16,1,6.2,2,16,67.8
vacation_rental_agents,20,2,10.0,2,20,67.3
latin_american_restaurant,21,1,4.8,2,20,69.0
photography_store_and_services,20,3,15.0,2,19,65.2
amateur_sports_league,14,2,14.3,2,10,44.1
damage_restoration,21,2,9.5,2,21,51.1
educational_camp,17,2,11.8,2,16,51.6
golf_course,38,4,10.5,2,35,49.8
information_technology_company,45,2,4.4,2,45,50.3
junkyard,14,2,14.3,2,14,58.4
meditation_center,17,2,11.8,2,16,55.4
outdoor_gear,30,2,6.7,2,30,50.2
town_hall,33,3,9.1,2,32,50.0
shooting_range,8,4,50.0,2,5,41.4
fabric_store,19,2,10.5,2,18,50.0
condominium,31,2,6.5,2,31,51.1
eyewear_and_optician,27,3,11.1,2,26,51.1
cemeteries,13,2,15.4,2,12,49.8
dialysis_clinic,28,2,7.1,2,22,37.0
employment_agencies,70,2,2.9,2,70,48.1
hypnosis_hypnotherapy,4,2,50.0,2,4,61.5
infectious_disease_specialist,19,2,10.5,2,19,47.2
oncologist,23,2,8.7,2,23,47.2
pretzels,7,2,28.6,2,7,53.3
propane_supplier,14,2,14.3,2,14,48.9
plastic_surgeon,18,2,11.1,2,18,53.2
vocational_and_technical_school,25,2,8.0,2,25,52.0
media_news_company,9,3,33.3,2,6,43.4
soccer_field,14,8,57.1,2,7,28.8
brazilian_restaurant,10,2,20.0,2,10,76.6
comfort_food_restaurant,7,2,28.6,2,7,77.3
dog_walkers,8,2,25.0,2,8,77.6
motel,27,1,3.7,2,27,74.5
kitchen_remodeling,6,2,33.3,2,6,75.3
mediterranean_restaurant,25,2,8.0,2,25,73.0
electrical_supply_store,17,2,11.8,2,17,67.6
health_food_restaurant,6,2,33.3,2,6,84.0
laser_hair_removal,10,2,20.0,2,10,73.5
broadcasting_media_production,29,4,13.8,2,26,50.4
performing_arts,17,3,17.6,2,16,54.9
web_designer,43,2,4.7,2,42,51.2
trailer_dealer,4,1,25.0,2,4,67.2
endodontist,18,2,11.1,2,18,50.7
gastroenterologist,42,2,4.8,2,42,46.0
lingerie_store,23,2,8.7,2,23,50.2
plastic_manufacturer,6,2,33.3,2,6,65.3
karaoke,4,2,50.0,2,4,65.5
alternative_medicine,20,2,10.0,2,20,48.6
clinical_laboratories,18,2,11.1,2,18,47.8
custom_cakes_shop,3,2,66.7,2,3,67.3
dance_wear,4,2,50.0,2,4,60.8
laundry_services,33,2,6.1,2,33,48.6
life_insurance,9,2,22.2,2,9,51.3
lighting_store,19,2,10.5,2,19,53.5
motorcycle_rentals,2,2,100.0,2,2,79.0
organic_grocery_store,9,3,33.3,2,8,49.3
patio_covers,6,2,33.3,2,6,57.3
psychotherapist,66,2,3.0,2,65,51.3
reflexology,3,2,66.7,2,3,72.3
tile_store,6,2,33.3,2,6,55.5
window_supplier,8,2,25.0,2,8,52.4
dive_shop,2,2,100.0,2,2,78.0
fire_and_water_damage_restoration,24,2,8.3,2,24,46.7
taxi_service,13,2,15.4,2,13,72.3
law_enforcement,11,2,18.2,2,11,78.5
texmex_restaurant,8,1,12.5,2,8,78.9
business_law,19,2,10.5,2,19,67.4
cleaning_products_supplier,4,2,50.0,2,4,80.8
southern_restaurant,6,1,16.7,2,6,76.3
cottage,17,2,11.8,2,16,54.9
fishmonger,8,2,25.0,2,7,56.1
gutter_service,17,2,11.8,2,17,50.2
horse_trainer,13,3,23.1,2,10,47.8
luggage_store,8,2,25.0,2,7,51.5
marketing_consultant,10,2,20.0,2,10,53.8
rv_rentals,4,2,50.0,2,4,69.5
surf_shop,12,2,16.7,2,12,56.4
swimming_instructor,13,2,15.4,2,13,53.8
truck_rentals,32,2,6.2,2,32,46.7
windows_installation,14,1,7.1,2,14,57.5
truck_dealer,11,2,18.2,2,11,52.2
allergist,7,2,28.6,2,7,55.4
outlet_store,7,2,28.6,2,7,58.1
paintball,7,2,28.6,2,7,61.1
it_support_and_service,7,2,28.6,2,7,54.0
mobile_phone_accessories,20,2,10.0,2,19,44.0
piano_services,5,2,40.0,2,5,58.0
security_systems,13,2,15.4,2,13,49.2
steel_fabricators,4,2,50.0,2,4,61.2
chemical_plant,4,2,50.0,2,4,67.8
car_inspection,4,2,50.0,2,4,61.0
welders,3,2,66.7,2,3,67.3
olive_oil,4,2,50.0,2,3,49.5
gunsmith,7,2,28.6,2,7,53.7
pets,4,2,50.0,2,4,61.2
hair_replacement,4,2,50.0,2,4,87.5
lawn_mower_store,4,2,50.0,2,4,81.5
custom_clothing,1,1,100.0,1,1,100.0
european_restaurant,4,0,0.0,1,4,79.5
gymnastics_center,15,1,6.7,1,14,69.1
persian_iranian_restaurant,3,1,33.3,1,3,84.7
eyelash_service,5,1,20.0,1,5,70.8
party_and_event_planning,16,1,6.2,1,16,67.8
b2b_agriculture_and_food,1,1,100.0,1,1,98.0
miniature_golf_course,6,1,16.7,1,6,58.5
beach_resort,1,1,100.0,1,1,90.0
movers,9,1,11.1,1,9,54.8
aircraft_dealer,1,0,0.0,1,1,85.0
cheese_shop,12,0,0.0,1,12,52.6
community_museum,1,1,100.0,1,1,83.0
logging_services,6,1,16.7,1,5,46.8
observatory,3,1,33.3,1,3,64.7
cabin,10,1,10.0,1,9,52.0
motorcycle_manufacturer,2,1,50.0,1,1,40.0
paddleboard_rental,3,1,33.3,1,3,55.3
criminal_defense_law,19,1,5.3,1,18,73.9
health_spa,7,0,0.0,1,7,78.6
public_market,9,1,11.1,1,9,72.2
auto_electrical_repair,4,1,25.0,1,4,72.8
b2b_cleaning_and_waste_management,15,1,6.7,1,15,66.1
child_care_and_day_care,40,1,2.5,1,40,65.4
beverage_store,16,1,6.2,1,16,50.7
car_rental_agency,25,1,4.0,1,25,52.7
diagnostic_services,11,1,9.1,1,10,52.5
drive_in_theater,5,3,60.0,1,3,39.4
educational_research_institute,11,2,18.2,1,9,48.0
lodge,34,4,11.8,1,31,50.3
powder_coating_service,5,1,20.0,1,5,58.4
sky_diving,4,1,25.0,1,4,56.0
software_development,48,1,2.1,1,44,46.9
telecommunications_company,19,2,10.5,1,18,47.6
haunted_house,3,1,33.3,1,2,46.3
home_developer,38,4,10.5,1,34,43.0
department_of_motor_vehicles,21,1,4.8,1,16,39.7
emergency_room,12,1,8.3,1,12,46.7
fishing_charter,12,1,8.3,1,12,54.6
mobile_home_dealer,9,1,11.1,1,9,51.6
playground,37,7,18.9,1,23,30.7
psychiatrist,31,1,3.2,1,31,47.9
hydraulic_equipment_supplier,10,1,10.0,1,10,47.5
international_grocery_store,3,1,33.3,1,3,55.7
warehouses,15,1,6.7,1,15,45.9
water_purification_services,4,1,25.0,1,4,52.8
window_washing,8,1,12.5,1,8,48.4
beverage_supplier,7,1,14.3,1,7,48.7
diagnostic_imaging,33,1,3.0,1,33,44.6
machine_and_tool_rentals,20,1,5.0,1,20,45.4
automotive_consultant,2,1,50.0,1,2,83.5
burmese_restaurant,4,1,25.0,1,4,72.8
food,22,1,4.5,1,19,58.4
guatemalan_restaurant,3,1,33.3,1,3,76.7
altering_and_remodeling_contractor,10,1,10.0,1,10,67.2
beer_wine_and_spirits,12,1,8.3,1,12,67.9
coffee_roastery,5,1,20.0,1,4,60.8
photography_classes,1,1,100.0,1,1,99.0
puerto_rican_restaurant,2,1,50.0,1,2,81.5
cafeteria,4,1,25.0,1,4,72.0
fondue_restaurant,1,1,100.0,1,1,96.0
child_protection_service,2,1,50.0,1,2,70.0
cupcake_shop,6,1,16.7,1,6,58.5
hot_air_balloons_tour,7,1,14.3,1,7,54.7
pancake_house,5,1,20.0,1,5,60.2
circus,7,1,14.3,1,6,51.3
art_restoration,4,0,0.0,1,4,63.8
poultry_farm,3,1,33.3,1,3,59.0
theaters_and_performance_venues,3,1,33.3,1,3,58.7
auditorium,14,5,35.7,1,8,29.4
cave,3,2,66.7,1,2,46.0
go_kart_club,1,1,100.0,1,1,81.0
shaved_ice_shop,1,1,100.0,1,1,81.0
basketball_court,5,3,60.0,1,2,25.2
herb_and_spice_shop,3,1,33.3,1,3,57.0
audio_visual_equipment_store,15,1,6.7,1,14,48.1
boat_parts_and_supply_store,2,1,50.0,1,2,61.5
consultant_and_general_service,1,1,100.0,1,1,79.0
cpr_classes,9,1,11.1,1,9,47.7
do_it_yourself_store,1,1,100.0,1,1,79.0
emergency_medicine,8,1,12.5,1,8,48.4
executive_search_consultants,4,1,25.0,1,4,52.5
festival,3,1,33.3,1,3,55.7
health_market,3,1,33.3,1,3,55.7
homeopathic_medicine,1,1,100.0,1,1,79.0
lighting_fixtures_and_equipment,4,1,25.0,1,4,52.8
mass_media,2,1,50.0,1,2,61.5
metals,2,1,50.0,1,2,61.5
montessori_school,7,1,14.3,1,7,49.0
musical_instrument_services,1,1,100.0,1,1,79.0
refinishing_services,1,1,100.0,1,1,79.0
rug_store,6,1,16.7,1,6,49.7
structural_engineer,4,1,25.0,1,4,55.8
civic_center,1,1,100.0,1,1,78.0
e_commerce_service,16,1,6.2,1,16,45.8
mailbox_center,4,1,25.0,1,4,52.5
pharmaceutical_companies,3,1,33.3,1,3,58.7
automotive_dealer,25,4,16.0,1,21,58.8
distillery,24,1,4.2,1,23,72.0
french_restaurant,30,1,3.3,1,29,66.8
greek_restaurant,14,1,7.1,1,14,68.3
hair_extensions,6,0,0.0,1,6,79.0
jewelry_and_watches_manufacturer,5,1,20.0,1,5,78.2
peruvian_restaurant,13,1,7.7,1,13,71.6
salad_bar,12,1,8.3,1,12,68.2
videographer,6,2,33.3,1,5,65.7
solar_installation,15,1,6.7,1,15,68.8
dj_service,9,1,11.1,1,9,71.1
event_technology_service,19,1,5.3,1,19,70.1
acai_bowls,1,0,0.0,1,1,72.0
salvadoran_restaurant,10,1,10.0,1,10,70.5
african_restaurant,3,1,33.3,1,3,80.3
hawaiian_restaurant,9,1,11.1,1,9,70.7
hvac_supplier,5,1,20.0,1,5,70.6
masonry_contractors,10,1,10.0,1,10,67.2
newspaper_and_magazines_store,7,1,14.3,1,7,68.9
outdoor_furniture_store,3,1,33.3,1,3,75.0
carpet_installation,8,1,12.5,1,8,67.8
animal_rescue_service,13,1,7.7,1,11,50.1
bike_repair_maintenance,6,1,16.7,1,6,56.3
brokers,4,1,25.0,1,4,62.2
commercial_real_estate,24,1,4.2,1,24,50.0
commercial_refrigeration,2,1,50.0,1,2,69.0
cooking_school,14,1,7.1,1,13,51.5
environmental_and_ecological_services_for_businesses,9,1,11.1,1,9,56.4
family_counselor,13,1,7.7,1,13,53.9
fertility,4,0,0.0,1,4,59.0
fireplace_service,7,1,14.3,1,7,54.7
hat_shop,11,1,9.1,1,10,47.9
home_and_garden,13,1,7.7,1,13,58.1
internet_marketing_service,14,2,14.3,1,13,51.6
metal_supplier,15,1,6.7,1,15,54.7
neurologist,30,1,3.3,1,30,45.9
prenatal_perinatal_care,11,1,9.1,1,10,53.9
surgical_center,15,1,6.7,1,15,49.4
tea_room,24,0,0.0,1,22,47.7
uniform_store,7,1,14.3,1,7,54.7
wholesale_grocer,2,0,0.0,1,2,66.0
wig_store,8,1,12.5,1,8,55.0
aircraft_repair,2,1,50.0,1,2,69.5
auto_loan_provider,35,1,2.9,1,35,48.1
cultural_center,4,1,25.0,1,4,62.2
mattress_store,14,0,0.0,1,13,47.5
b2b_jewelers,3,1,33.3,1,3,68.3
business_office_supplies_and_stationery,13,0,0.0,1,11,45.7
recording_and_rehearsal_studio,4,1,25.0,1,4,55.5
bowling_alley,7,1,14.3,1,6,45.0
drugstore,13,1,7.7,1,13,48.2
golf_equipment,4,1,25.0,1,4,53.2
pier,8,7,87.5,1,2,16.2
speech_therapist,7,1,14.3,1,7,60.0
professional_sports_league,4,2,50.0,1,2,31.2
anesthesiologist,5,1,20.0,1,5,50.8
bedding_and_bath_stores,5,1,20.0,1,5,51.0
car_broker,3,1,33.3,1,3,55.3
embroidery_and_crochet,4,1,25.0,1,4,52.8
environmental_testing,4,1,25.0,1,4,52.8
eyebrow_service,4,1,25.0,1,4,52.2
golf_club,9,1,11.1,1,9,47.4
health_insurance_office,7,1,14.3,1,7,49.0
kids_recreation_and_party,4,1,25.0,1,4,56.0
meat_shop,3,1,33.3,1,3,55.7
money_transfer_services,20,1,5.0,1,20,45.4
occupational_medicine,7,1,14.3,1,7,48.6
passport_and_visa_services,14,1,7.1,1,14,47.1
pasta_shop,2,1,50.0,1,2,61.5
stucco_services,2,1,50.0,1,2,61.5
superstore,3,2,66.7,1,2,42.3
vehicle_shipping,10,1,10.0,1,10,47.2
wellness_program,7,1,14.3,1,7,48.9
wholesaler,9,1,11.1,1,9,47.8
addiction_rehabilitation_center,13,1,7.7,1,13,47.6
rv_storage_facility,5,1,20.0,1,5,50.6
vinyl_record_store,3,1,33.3,1,3,55.3
botanical_garden,10,1,10.0,1,9,48.4
food_court,5,2,40.0,1,4,57.8
natural_hot_springs,2,1,50.0,1,1,41.0
public_plaza,11,9,81.8,1,2,15.2
textile_museum,1,1,100.0,1,1,93.0
emergency_roadside_service,2,1,50.0,1,2,74.0
used_bookstore,1,1,100.0,1,1,82.0
foot_care,1,1,100.0,1,1,78.0
fingerprinting_service,1,0,0.0,1,1,72.0
pool_and_billiards,1,0,0.0,1,1,72.0
souvenir_shop,3,1,33.3,1,3,69.0
threading_service,3,1,33.3,1,3,65.7
business_financing,2,1,50.0,1,2,61.5
trains,3,1,33.3,1,3,55.7
halfway_house,1,1,100.0,1,1,93.0
medical_law,3,1,33.3,1,3,75.3
bingo_hall,6,1,16.7,1,4,41.0
elevator_service,2,1,50.0,1,2,73.5
teeth_whitening,5,0,0.0,1,5,59.0
auto_company,4,1,25.0,1,3,48.0
pressure_washing,8,1,12.5,1,8,48.2
ranch,6,1,16.7,1,6,49.2
colombian_restaurant,1,1,100.0,1,1,100.0
hookah_bar,3,1,33.3,1,3,83.7
jamaican_restaurant,3,1,33.3,1,3,76.0
soul_food,4,1,25.0,1,4,82.8
ceiling_and_roofing_repair_and_service,1,1,100.0,1,1,99.0
furniture_manufacturers,4,1,25.0,1,4,72.2
lawn_service,3,1,33.3,1,3,75.7
soup_restaurant,2,1,50.0,1,2,88.0
tax_law,1,1,100.0,1,1,99.0
jet_skis_rental,1,1,100.0,1,1,90.0
aquarium,2,1,50.0,1,2,70.0
prosthetics,2,1,50.0,1,2,65.0
airline,1,1,100.0,1,1,81.0
emergency_service,1,1,100.0,1,1,79.0
mexican_grocery_store,2,1,50.0,1,2,61.5
smokehouse,1,1,100.0,1,1,79.0
forklift_dealer,3,1,33.3,1,3,55.3
battery_store,3,1,33.3,1,3,55.0
grout_service,3,1,33.3,1,3,55.7
tiki_bar,1,1,100.0,1,1,100.0
polish_restaurant,1,0,0.0,1,1,92.0
house_sitting,1,1,100.0,1,1,90.0
bookbinding,1,1,100.0,1,1,79.0
clock_repair_service,1,1,100.0,1,1,79.0
energy_management_and_conservation_consultants,1,1,100.0,1,1,79.0
holistic_animal_care,1,1,100.0,1,1,79.0
farm_equipment_repair_service,1,0,0.0,1,1,72.0
pet_breeder,10,0,0.0,0,10,71.5
public_relations,9,0,0.0,0,9,73.4
taxidermist,3,0,0.0,0,3,72.7
architectural_designer,61,0,0.0,0,61,74.8
logging_contractor,1,0,0.0,0,1,67.0
beer_bar,12,0,0.0,0,12,66.3
caribbean_restaurant,4,0,0.0,0,4,67.0
chicken_wings_restaurant,9,0,0.0,0,9,64.6
internet_cafe,2,0,0.0,0,2,70.5
photographer,12,0,0.0,0,12,66.1
public_health_clinic,8,0,0.0,0,8,63.5
community_services_non_profits,631,94,14.9,0,529,21.7
high_school,102,21,20.6,0,91,19.9
library,83,16,19.3,0,69,17.9
religious_organization,159,68,42.8,0,120,24.3
church_cathedral,654,138,21.1,0,606,24.6
boat_rental_and_training,11,0,0.0,0,11,52.6
casino,15,1,6.7,0,14,45.5
cycling_classes,5,0,0.0,0,5,51.6
fish_farm,1,0,0.0,0,1,57.0
frozen_yoghurt_shop,13,0,0.0,0,12,46.5
oil_change_station,4,0,0.0,0,4,54.0
prosthodontist,4,0,0.0,0,4,54.5
service_apartments,1,0,0.0,0,1,57.0
b2b_textiles,4,0,0.0,0,4,54.2
banks,31,0,0.0,0,29,46.0
internet_service_provider,14,0,0.0,0,13,52.0
mission,2,0,0.0,0,2,56.5
occupational_therapy,13,0,0.0,0,13,50.4
state_park,26,0,0.0,0,25,49.0
disability_services_and_support_organization,22,0,0.0,0,21,51.5
forestry_service,27,0,0.0,0,27,45.6
movie_television_studio,6,0,0.0,0,6,56.5
catholic_church,40,13,32.5,0,32,20.7
electric_utility_provider,3,2,66.7,0,2,33.3
public_service_and_government,107,38,35.5,0,85,19.6
hospital,151,34,22.5,0,125,15.6
public_and_government_association,221,70,31.7,0,200,24.2
public_utility_company,16,3,18.8,0,15,21.2
jehovahs_witness_kingdom_hall,4,0,0.0,0,4,47.0
pool_billiards,5,0,0.0,0,5,50.6
bank_credit_union,142,23,16.2,0,140,16.2
nurse_practitioner,35,0,0.0,0,35,44.3
after_school_program,8,0,0.0,0,7,38.2
boat_storage_facility,6,0,0.0,0,6,43.7
business_records_storage_and_management,4,0,0.0,0,4,44.0
cards_and_stationery_store,7,0,0.0,0,7,44.0
distribution_services,8,0,0.0,0,8,46.5
ear_nose_and_throat,19,0,0.0,0,19,45.2
farming_services,9,0,0.0,0,9,43.8
flight_school,7,0,0.0,0,7,52.9
gents_tailor,4,0,0.0,0,4,51.2
health_department,4,0,0.0,0,4,44.8
physician_assistant,16,0,0.0,0,16,43.8
rehabilitation_center,9,0,0.0,0,9,44.2
safety_equipment,12,0,0.0,0,12,43.8
social_welfare_center,3,0,0.0,0,3,43.7
state_museum,1,0,0.0,0,1,44.0
urgent_care_clinic,15,0,0.0,0,15,43.7
urologist,37,0,0.0,0,37,44.1
walk_in_clinic,47,0,0.0,0,3,2.8
books_mags_music_and_video,5,0,0.0,0,5,43.2
chambers_of_commerce,1,0,0.0,0,1,43.0
hospice,30,0,0.0,0,12,18.8
pediatric_cardiology,7,0,0.0,0,7,43.4
womens_health_clinic,11,0,0.0,0,11,46.5
baptist_church,56,16,28.6,0,54,28.8
buddhist_temple,17,2,11.8,0,15,20.6
college_university,148,26,17.6,0,123,19.7
elementary_school,290,44,15.2,0,272,19.8
pentecostal_church,21,9,42.9,0,19,31.0
public_school,25,11,44.0,0,21,28.4
government_services,10,0,0.0,0,10,13.5
recycling_center,21,4,19.0,0,20,20.2
atms,104,22,21.2,0,80,7.9
courthouse,26,3,11.5,0,23,14.0
credit_union,34,2,5.9,0,34,14.9
religious_school,10,0,0.0,0,10,19.5
charity_organization,37,4,10.8,0,35,19.6
parking,45,15,33.3,0,31,12.9
political_organization,17,1,5.9,0,14,17.4
cancer_treatment_center,6,0,0.0,0,6,10.3
aromatherapy,1,0,0.0,0,0,0.0
auction_house,18,0,0.0,0,17,44.4
beer_garden,10,0,0.0,0,9,47.4
central_government_office,17,9,52.9,0,12,20.4
fishing_club,4,2,50.0,0,1,11.5
heliports,2,1,50.0,0,1,23.5
mountain_bike_trails,6,2,33.3,0,2,15.2
national_park,34,10,29.4,0,4,5.8
private_association,16,8,50.0,0,9,14.7
rock_climbing_spot,4,2,50.0,0,2,28.5
rodeo,2,0,0.0,0,1,23.5
bartender,3,0,0.0,0,2,51.3
clothing_company,2,0,0.0,0,2,77.0
employment_law,17,0,0.0,0,17,66.1
himalayan_nepalese_restaurant,8,0,0.0,0,8,74.1
inn,18,0,0.0,0,18,75.3
irish_pub,2,1,50.0,0,1,38.5
lebanese_restaurant,1,0,0.0,0,1,77.0
real_estate_law,2,0,0.0,0,2,72.0
spanish_restaurant,3,0,0.0,0,3,67.3
tapas_bar,7,0,0.0,0,7,72.7
bathroom_remodeling,11,0,0.0,0,11,67.6
cleaning_services,12,0,0.0,0,12,68.4
coworking_space,18,0,0.0,0,17,64.2
electrical_wholesaler,3,0,0.0,0,3,70.7
vegan_restaurant,21,0,0.0,0,20,62.9
seafood_market,4,0,0.0,0,4,69.2
argentine_restaurant,2,0,0.0,0,2,72.0
dim_sum_restaurant,3,0,0.0,0,3,69.3
fish_and_chips_restaurant,4,0,0.0,0,4,71.8
hotel_bar,4,0,0.0,0,4,66.5
air_duct_cleaning_service,7,0,0.0,0,7,63.6
b2b_food_products,1,0,0.0,0,1,64.0
bagel_restaurant,3,0,0.0,0,3,64.0
barre_classes,3,0,0.0,0,2,42.7
boudoir_photography,1,0,0.0,0,1,64.0
boxing_gym,3,0,0.0,0,3,64.3
construction_management,4,0,0.0,0,4,63.8
contract_law,1,0,0.0,0,1,64.0
dental_supply_store,4,0,0.0,0,4,63.5
designer_clothing,14,0,0.0,0,14,63.4
dumpling_restaurant,1,0,0.0,0,1,64.0
falafel_restaurant,2,0,0.0,0,2,63.5
fitness_equipment_wholesaler,2,0,0.0,0,2,63.5
fitness_exercise_equipment,4,0,0.0,0,4,63.8
food_and_beverage_exporter,3,0,0.0,0,2,42.7
furniture_repair,2,0,0.0,0,2,64.0
halal_restaurant,4,0,0.0,0,4,64.0
kids_hair_salon,6,0,0.0,0,6,63.7
massage_school,4,0,0.0,0,4,69.8
noodles_restaurant,6,0,0.0,0,6,64.3
pet_hospice,5,0,0.0,0,5,63.6
pizza_delivery_service,2,0,0.0,0,2,64.0
session_photography,15,0,0.0,0,15,63.9
spray_tanning,2,0,0.0,0,2,64.0
waterproofing,1,0,0.0,0,1,64.0
furniture_accessory_store,1,0,0.0,0,1,63.0
pet_training,4,0,0.0,0,4,63.8
abuse_and_addiction_treatment,31,3,9.7,0,31,23.8
aircraft_manufacturer,3,0,0.0,0,3,50.0
amateur_sports_team,10,2,20.0,0,5,27.5
animation_studio,2,0,0.0,0,2,52.0
archery_range,5,0,0.0,0,4,43.2
art_museum,7,0,0.0,0,7,49.3
audiologist,13,0,0.0,0,13,49.1
aviation_museum,2,0,0.0,0,2,57.0
b2b_electronic_equipment,4,0,0.0,0,4,51.5
b2b_science_and_technology,2,0,0.0,0,2,55.5
biotechnology_company,7,0,0.0,0,7,52.9
boat_parts_and_accessories,2,0,0.0,0,2,57.0
boat_tours,6,1,16.7,0,5,44.8
book_magazine_distribution,2,0,0.0,0,2,52.0
canoe_and_kayak_hire_service,2,0,0.0,0,2,57.0
choir,4,0,0.0,0,3,40.2
comedy_club,5,1,20.0,0,3,31.6
convents_and_monasteries,5,0,0.0,0,4,41.6
currency_exchange,7,0,0.0,0,7,50.0
esports_team,1,0,0.0,0,1,57.0
granite_supplier,4,0,0.0,0,4,57.0
home_security,8,0,0.0,0,8,53.5
home_staging,4,0,0.0,0,4,52.0
jazz_and_blues,4,0,0.0,0,4,48.5
kiteboarding,1,0,0.0,0,1,57.0
language_school,8,0,0.0,0,8,50.0
lighthouse,7,2,28.6,0,3,22.1
maternity_centers,13,0,0.0,0,13,50.0
media_restoration_service,3,0,0.0,0,3,56.0
medical_school,3,0,0.0,0,3,51.3
merchandising_service,2,0,0.0,0,2,55.5
metal_plating_service,1,0,0.0,0,1,57.0
motorsports_store,3,0,0.0,0,3,52.7
nursing_school,3,0,0.0,0,3,52.7
occupational_safety,3,0,0.0,0,3,56.7
periodontist,7,0,0.0,0,7,50.4
pulmonologist,13,0,0.0,0,13,45.1
real_estate_investment,7,0,0.0,0,7,56.9
record_label,6,1,16.7,0,3,27.5
roller_skating_rink,1,0,0.0,0,1,57.0
sauna,2,0,0.0,0,1,28.5
science_museum,6,0,0.0,0,6,52.0
scuba_diving_center,2,0,0.0,0,2,51.0
sightseeing_tour_agency,12,0,0.0,0,12,48.2
social_media_company,1,0,0.0,0,1,57.0
speakeasy,3,0,0.0,0,3,53.3
surgical_appliances_and_supplies,3,0,0.0,0,3,57.0
test_preparation,14,0,0.0,0,14,49.4
translating_and_interpreting_services,2,0,0.0,0,2,56.5
travel_company,2,0,0.0,0,2,55.5
volleyball_court,2,0,0.0,0,1,28.5
writing_service,4,0,0.0,0,4,56.2
automation_services,4,0,0.0,0,4,50.8
avionics_shop,1,0,0.0,0,1,56.0
business_to_business_services,10,0,0.0,0,10,47.5
industrial_company,5,0,0.0,0,5,49.2
printing_equipment_and_supply,8,0,0.0,0,8,50.0
auto_manufacturers_and_distributors,2,0,0.0,0,2,49.0
batting_cage,4,1,25.0,0,3,41.5
collection_agencies,5,0,0.0,0,5,50.2
computer_hardware_company,4,0,0.0,0,4,53.5
golf_instructor,1,0,0.0,0,1,55.0
ice_skating_rink,2,1,50.0,0,1,27.5
dairy_stores,1,0,0.0,0,1,54.0
laboratory,7,0,0.0,0,7,46.6
media_agency,13,0,0.0,0,12,47.7
shredding_services,4,0,0.0,0,4,46.5
ticket_sales,1,0,0.0,0,1,54.0
social_club,8,0,0.0,0,7,43.2
academic_bookstore,8,0,0.0,0,8,47.9
energy_company,6,0,0.0,0,6,52.3
fort,3,0,0.0,0,1,15.7
medical_research_and_development,6,0,0.0,0,6,50.0
television_station,2,0,0.0,0,2,45.5
emergency_pet_hospital,5,2,40.0,0,5,24.6
fountain,1,0,0.0,0,1,46.0
gelato,3,0,0.0,0,2,34.3
local_and_state_government_offices,5,1,20.0,0,5,18.0
opera_and_ballet,1,0,0.0,0,1,46.0
railroad_freight,5,0,0.0,0,5,46.0
window_treatment_store,28,6,21.4,0,28,18.2
home_theater_systems_stores,3,0,0.0,0,3,43.7
water_treatment_equipment_and_services,15,4,26.7,0,15,24.4
adult_education,6,0,0.0,0,6,45.7
adventure_sports_center,4,0,0.0,0,4,43.8
art_restoration_service,4,0,0.0,0,4,47.0
artificial_turf,2,0,0.0,0,2,43.5
automobile_leasing,1,0,0.0,0,1,44.0
b2b_scientific_equipment,2,0,0.0,0,2,44.0
bistro,4,0,0.0,0,3,35.2
bus_service,6,0,0.0,0,6,43.8
business_brokers,3,0,0.0,0,3,44.0
business_signage,1,0,0.0,0,1,44.0
career_counseling,7,0,0.0,0,7,44.0
childbirth_education,1,0,0.0,0,1,44.0
climbing_service,1,0,0.0,0,1,44.0
craft_shop,10,1,10.0,0,9,39.2
crane_services,2,0,0.0,0,2,44.0
cremation_services,4,0,0.0,0,4,44.0
custom_t_shirt_store,3,0,0.0,0,3,44.0
data_recovery,3,0,0.0,0,3,43.7
drama_school,1,0,0.0,0,1,44.0
elder_care_planning,1,0,0.0,0,1,44.0
electronic_parts_supplier,1,0,0.0,0,1,44.0
ev_charging_station,27,0,0.0,0,27,43.9
exhibition_and_trade_center,1,0,0.0,0,1,44.0
exporters,3,0,0.0,0,3,43.7
first_aid_class,3,0,0.0,0,3,43.7
foster_care_services,5,0,0.0,0,5,43.6
gold_buyer,9,0,0.0,0,9,43.7
guest_house,2,0,0.0,0,2,43.5
guitar_store,6,0,0.0,0,6,43.5
health_and_wellness_club,2,0,0.0,0,2,43.5
home_automation,3,0,0.0,0,3,44.0
home_organization,5,0,0.0,0,5,43.4
horse_racing_track,2,0,0.0,0,2,43.5
hostel,2,0,0.0,0,2,43.5
housing_cooperative,2,0,0.0,0,2,43.5
hybrid_car_repair,1,0,0.0,0,1,44.0
importer_and_exporter,1,0,0.0,0,1,44.0
inspection_services,2,0,0.0,0,2,44.0
iv_hydration,1,0,0.0,0,1,44.0
kickboxing_club,4,0,0.0,0,4,43.2
kiosk,4,0,0.0,0,4,43.2
knitting_supply,1,0,0.0,0,1,44.0
light_rail_and_subway_stations,1,0,0.0,0,1,44.0
luggage_storage,2,0,0.0,0,2,44.0
maternity_wear,3,0,0.0,0,3,44.0
mediator,7,0,0.0,0,7,43.6
medical_sciences_schools,1,0,0.0,0,1,44.0
midwife,14,0,0.0,0,14,44.0
musician,3,0,0.0,0,3,43.7
nanny_services,1,0,0.0,0,1,44.0
nephrologist,4,0,0.0,0,4,47.2
oil_and_gas,4,0,0.0,0,4,43.8
orthotics,4,0,0.0,0,4,44.0
osteopathic_physician,5,0,0.0,0,5,48.4
packing_services,7,0,0.0,0,7,43.9
payroll_services,2,0,0.0,0,2,43.5
pediatric_endocrinology,2,0,0.0,0,2,43.5
pediatric_gastroenterology,4,0,0.0,0,4,43.8
pediatric_neurology,4,0,0.0,0,4,43.8
plasterer,1,0,0.0,0,1,44.0
proctologist,3,0,0.0,0,3,43.7
professional_sports_team,1,0,0.0,0,1,44.0
promotional_products_and_services,1,0,0.0,0,1,44.0
psychic_medium,3,0,0.0,0,3,44.0
radio_and_television_commercials,4,0,0.0,0,4,43.5
rafting_kayaking_area,3,0,0.0,0,3,44.0
reiki,3,0,0.0,0,3,43.3
rheumatologist,6,0,0.0,0,6,44.2
security_services,7,0,0.0,0,6,37.4
soccer_club,2,0,0.0,0,2,44.0
sports_medicine,12,0,0.0,0,12,43.8
sports_school,3,0,0.0,0,3,43.7
stone_and_masonry,3,0,0.0,0,3,43.7
surfing_school,1,0,0.0,0,1,44.0
valet_service,1,0,0.0,0,1,44.0
vascular_medicine,3,0,0.0,0,3,43.7
visitor_center,6,0,0.0,0,6,44.0
vocal_coach,1,0,0.0,0,1,44.0
zoo,4,1,25.0,0,3,33.0
adult_store,2,0,0.0,0,2,43.5
auto_security,8,0,0.0,0,8,43.5
ayurveda,1,0,0.0,0,1,43.0
bathroom_fixture_stores,1,0,0.0,0,1,43.0
brewing_supply_store,6,0,0.0,0,6,43.2
child_psychiatrist,2,0,0.0,0,2,43.5
commissioned_artist,3,0,0.0,0,3,43.3
dumpster_rentals,3,0,0.0,0,3,43.7
educational_supply_store,1,0,0.0,0,1,43.0
family_service_center,2,0,0.0,0,2,43.5
hepatologist,1,0,0.0,0,1,43.0
herbal_shop,2,0,0.0,0,2,43.5
home_and_rental_insurance,3,0,0.0,0,3,43.3
horse_equipment_shop,1,0,0.0,0,1,43.0
laser_eye_surgery_lasik,3,0,0.0,0,3,43.7
magician,2,0,0.0,0,2,43.0
media_news_website,1,0,0.0,0,1,43.0
oil_and_gas_field_equipment_and_services,2,0,0.0,0,2,43.5
pediatric_nephrology,1,0,0.0,0,1,43.0
permanent_makeup,6,0,0.0,0,6,43.5
plaza,8,0,0.0,0,7,40.4
pumpkin_patch,1,0,0.0,0,1,43.0
shipping_collection_services,3,0,0.0,0,3,43.0
temp_agency,8,0,0.0,0,8,43.5
watch_store,4,0,0.0,0,3,33.0
customized_merchandise,5,0,0.0,0,5,42.8
kombucha,1,0,0.0,0,1,42.0
labor_union,22,5,22.7,0,21,23.9
mosque,9,2,22.2,0,8,21.4
non_governmental_association,11,3,27.3,0,9,20.8
political_party_office,2,0,0.0,0,2,24.0
synagogue,11,1,9.1,0,10,20.8
evangelical_church,3,1,33.3,0,2,15.3
anglican_church,1,0,0.0,0,1,14.0
jail_and_prison,13,1,7.7,0,11,14.8
alcohol_and_drug_treatment_center,3,0,0.0,0,3,10.3
animal_hospital,9,1,11.1,0,9,14.2
childrens_hospital,2,0,0.0,0,2,11.0
college_counseling,1,0,0.0,0,1,11.0
lice_treatment,4,0,0.0,0,4,10.8
power_plants_and_power_plant_service,1,0,0.0,0,1,11.0
religious_destination,3,0,0.0,0,3,10.7
balloon_ports,2,0,0.0,0,1,22.0
canal,1,1,100.0,0,0,0.0
driving_range,3,1,33.3,0,2,34.3
ferry_boat_company,3,2,66.7,0,1,15.0
football_stadium,9,6,66.7,0,1,5.1
game_publisher,1,1,100.0,0,0,0.0
memorial_park,1,0,0.0,0,0,0.0
temple,1,0,0.0,0,0,0.0
pet_adoption,3,0,0.0,0,3,74.3
buffet_restaurant,5,0,0.0,0,5,71.0
furniture_rental_service,1,0,0.0,0,1,64.0
whiskey_bar,3,0,0.0,0,3,64.3
glass_blowing,3,1,33.3,0,2,38.0
linen,3,0,0.0,0,3,57.0
mining,2,0,0.0,0,2,50.0
wood_and_pulp,1,0,0.0,0,1,56.0
appliance_manufacturer,5,1,20.0,0,4,40.2
hindu_temple,3,2,66.7,0,2,21.3
crisis_intervention_services,4,0,0.0,0,4,54.2
handicraft_shop,1,0,0.0,0,1,44.0
iron_and_steel_industry,5,0,0.0,0,5,49.6
paralegal_services,2,0,0.0,0,2,44.0
threads_and_yarns_wholesaler,1,0,0.0,0,1,43.0
corporate_entertainment_services,3,0,0.0,0,2,30.0
surfing,1,1,100.0,0,0,0.0
food_consultant,1,0,0.0,0,1,77.0
polynesian_restaurant,2,0,0.0,0,2,70.5
automotive_storage_facility,3,0,0.0,0,3,72.0
cuban_restaurant,2,0,0.0,0,2,70.0
tire_repair_shop,6,0,0.0,0,5,55.8
coffee_and_tea_supplies,1,0,0.0,0,1,64.0
international_restaurant,1,0,0.0,0,1,64.0
public_restrooms,1,0,0.0,0,1,64.0
tenant_and_eviction_law,2,0,0.0,0,2,64.0
theme_restaurant,1,0,0.0,0,1,64.0
wine_tasting_classes,1,0,0.0,0,1,64.0
dinner_theater,1,0,0.0,0,1,63.0
gluten_free_restaurant,1,0,0.0,0,1,63.0
industrial_cleaning_services,2,0,0.0,0,2,63.5
seafood_wholesaler,3,0,0.0,0,3,63.3
copywriting_service,1,0,0.0,0,1,57.0
historical_tours,1,0,0.0,0,1,57.0
plastic_fabrication_company,3,0,0.0,0,3,47.7
sandblasting_service,1,0,0.0,0,1,57.0
sculpture_statue,3,0,0.0,0,3,48.7
pool_hall,4,0,0.0,0,4,51.0
petting_zoo,1,0,0.0,0,1,47.0
glass_manufacturer,1,0,0.0,0,1,45.0
3d_printing_service,1,0,0.0,0,1,44.0
awning_supplier,2,0,0.0,0,2,44.0
b2b_rubber_and_plastics,2,0,0.0,0,2,43.5
backflow_services,2,0,0.0,0,2,44.0
billing_services,2,0,0.0,0,2,43.5
blood_and_plasma_donation_center,4,0,0.0,0,4,44.8
business_storage_and_transportation,2,0,0.0,0,2,44.0
engraving,1,0,0.0,0,1,44.0
farm_equipment_and_supply,3,0,0.0,0,3,43.7
foundation_repair,2,0,0.0,0,2,44.0
general_festivals,1,0,0.0,0,1,44.0
health_coach,3,0,0.0,0,3,43.7
hematology,2,0,0.0,0,2,43.5
home_window_tinting,4,0,0.0,0,4,44.0
it_consultant,3,0,0.0,0,3,44.0
knife_sharpening,4,0,0.0,0,4,44.0
mobility_equipment_services,6,0,0.0,0,6,43.8
motorsport_vehicle_dealer,1,0,0.0,0,1,44.0
officiating_services,3,0,0.0,0,3,43.7
piano_store,1,0,0.0,0,1,44.0
ski_and_snowboard_shop,2,0,0.0,0,2,43.5
sleep_specialist,3,0,0.0,0,3,44.0
sugaring,4,0,0.0,0,4,50.5
taekwondo_club,2,0,0.0,0,2,44.0
tasting_classes,1,0,0.0,0,1,44.0
woodworking_supply_store,3,0,0.0,0,3,43.7
b2b_tractor_dealers,2,0,0.0,0,2,43.0
car_buyer,6,0,0.0,0,6,43.7
cardiovascular_and_thoracic_surgeon,2,0,0.0,0,2,43.0
court_reporter,2,0,0.0,0,2,43.5
lighting_fixture_manufacturers,1,0,0.0,0,1,43.0
tableware_supplier,1,0,0.0,0,1,43.0
trailer_rentals,2,0,0.0,0,1,21.5
veterans_organization,4,0,0.0,0,4,43.5
cooking_classes,1,0,0.0,0,1,42.0
walking_tours,2,0,0.0,0,2,42.5
water_park,3,0,0.0,0,3,49.7
hospitalist,1,0,0.0,0,1,11.0
utility_service,1,0,0.0,0,1,11.0
american_football_field,2,0,0.0,0,1,23.0
track_stadium,2,1,50.0,0,0,0.0
afghan_restaurant,1,0,0.0,0,1,77.0
aquatic_pet_store,3,0,0.0,0,3,69.3
australian_restaurant,1,0,0.0,0,1,77.0
fencing_club,1,0,0.0,0,1,77.0
indonesian_restaurant,1,0,0.0,0,1,67.0
cambodian_restaurant,1,0,0.0,0,1,64.0
cheesesteak_restaurant,2,0,0.0,0,2,63.5
disability_law,4,0,0.0,0,4,63.8
esthetician,2,0,0.0,0,2,63.5
mongolian_restaurant,2,0,0.0,0,2,64.0
real_estate_photography,1,0,0.0,0,1,64.0
wedding_chapel,1,0,0.0,0,1,64.0
architecture,1,0,0.0,0,1,63.0
dental_laboratories,1,0,0.0,0,1,63.0
bottled_water_company,3,0,0.0,0,3,57.0
inventory_control_service,1,0,0.0,0,1,57.0
pawn_shop,4,0,0.0,0,4,57.0
piercing,2,0,0.0,0,2,57.0
reptile_shop,1,0,0.0,0,1,57.0
social_media_agency,1,0,0.0,0,1,57.0
television_service_providers,2,0,0.0,0,2,51.0
personal_chef,1,0,0.0,0,1,54.0
episcopal_church,2,1,50.0,0,2,32.0
school_sports_league,1,0,0.0,0,1,47.0
car_sharing,1,0,0.0,0,1,44.0
coin_dealers,1,0,0.0,0,1,44.0
credit_and_debt_counseling,1,0,0.0,0,1,44.0
ice_supplier,1,0,0.0,0,1,44.0
indoor_playcenter,2,0,0.0,0,2,44.0
karate_club,2,0,0.0,0,2,43.5
otologist,1,0,0.0,0,1,44.0
party_bus_rental,3,0,0.0,0,3,43.7
photo_booth_rental,1,0,0.0,0,1,44.0
safe_store,2,0,0.0,0,2,43.5
spring_supplier,2,0,0.0,0,2,43.5
translation_services,1,0,0.0,0,1,44.0
vehicle_wrap,2,0,0.0,0,2,44.0
wallpaper_store,1,0,0.0,0,1,44.0
baseball_stadium,1,0,0.0,0,1,43.0
estate_liquidation,1,0,0.0,0,1,43.0
home_network_installation,1,0,0.0,0,1,43.0
orthopedic_shoe_store,1,0,0.0,0,1,43.0
produce_wholesaler,1,0,0.0,0,1,43.0
shades_and_blinds,1,0,0.0,0,1,43.0
vending_machine_supplier,3,0,0.0,0,2,29.0
web_hosting_service,1,0,0.0,0,1,43.0
sikh_temple,2,0,0.0,0,2,14.0
hockey_field,1,1,100.0,0,0,0.0
meat_wholesaler,3,0,0.0,0,2,38.0
dui_law,1,0,0.0,0,1,77.0
middle_eastern_restaurant,1,0,0.0,0,1,77.0
hotel_supply_service,1,0,0.0,0,1,71.0
restaurant_wholesale,1,0,0.0,0,1,66.0
bookkeeper,3,0,0.0,0,3,63.7
electricity_supplier,1,0,0.0,0,1,64.0
german_restaurant,1,0,0.0,0,1,64.0
lawn_mower_repair_service,1,0,0.0,0,1,64.0
molecular_gastronomy_restaurant,1,0,0.0,0,1,64.0
imported_food,1,0,0.0,0,1,62.0
alcohol_and_drug_treatment_centers,1,1,100.0,0,1,57.0
archaeological_services,1,0,0.0,0,1,57.0
bank_equipment_service,1,0,0.0,0,1,57.0
sports_psychologist,1,0,0.0,0,1,57.0
computer_coaching,1,0,0.0,0,1,56.0
planetarium,2,0,0.0,0,2,49.5
geological_services,2,0,0.0,0,2,45.5
pie_shop,1,0,0.0,0,1,47.0
agriculture_association,1,1,100.0,0,1,46.0
astrologer,1,0,0.0,0,1,44.0
b2b_truck_equipment_parts_and_accessories,2,0,0.0,0,2,43.5
balloon_services,2,0,0.0,0,2,43.5
bike_tours,1,0,0.0,0,1,44.0
bounce_house_rental,2,0,0.0,0,2,44.0
commercial_printer,1,0,0.0,0,1,44.0
computer_wholesaler,3,0,0.0,0,3,44.0
formal_wear_store,1,0,0.0,0,1,44.0
generator_installation_repair,1,0,0.0,0,1,44.0
geriatric_medicine,1,0,0.0,0,1,44.0
holiday_decor,1,0,0.0,0,1,44.0
hydroponic_gardening,1,0,0.0,0,1,44.0
laboratory_equipment_supplier,1,0,0.0,0,1,44.0
laser_tag,1,0,0.0,0,1,44.0
mortuary_services,2,0,0.0,0,2,44.0
personal_shopper,1,0,0.0,0,1,44.0
pipe_supplier,1,0,0.0,0,1,44.0
scale_supplier,1,0,0.0,0,1,44.0
science_schools,1,0,0.0,0,1,44.0
siding,3,0,0.0,0,3,44.0
skylight_installation,1,0,0.0,0,1,44.0
stock_and_bond_brokers,2,0,0.0,0,2,44.0
tai_chi_studio,1,0,0.0,0,1,44.0
talent_agency,1,0,0.0,0,1,44.0
telephone_services,1,0,0.0,0,1,44.0
truck_dealer_for_businesses,1,0,0.0,0,1,44.0
tui_na,1,0,0.0,0,1,44.0
water_softening_equipment_supplier,1,0,0.0,0,1,44.0
aerial_tours,1,0,0.0,0,1,43.0
handbag_stores,1,0,0.0,0,1,43.0
beer_tours,1,0,0.0,0,1,42.0
motorcycle_gear,1,0,0.0,0,1,42.0
patisserie_cake_shop,1,0,0.0,0,1,42.0
hospital_equipment_and_supplies,1,0,0.0,0,1,11.0
mobile_clinic,1,0,0.0,0,0,0.0
