niche,city,businesses_with_no_website
winery,Napa,94
(uncategorized),Santa Rosa,92
(uncategorized),Napa,51
winery,St Helena,41
beauty_salon,Santa Rosa,38
(uncategorized),Vacaville,37
winery,Healdsburg,34
(uncategorized),Fairfield,34
(uncategorized),San Rafael,33
(uncategorized),Vallejo,33
automotive_repair,Santa Rosa,29
winery,Sonoma,27
beauty_salon,Vacaville,24
real_estate_agent,Santa Rosa,23
winery,Santa Rosa,23
real_estate_agent,Vacaville,22
(uncategorized),Petaluma,21
beauty_salon,Fairfield,21
church_cathedral,Vallejo,21
church_cathedral,Santa Rosa,21
mexican_restaurant,Santa Rosa,20
church_cathedral,Fairfield,19
automotive_repair,Vallejo,19
farm,Petaluma,18
barber,Santa Rosa,17
(uncategorized),Mill Valley,16
(uncategorized),Novato,16
(uncategorized),Sonoma,16
beauty_salon,Napa,16
winery,Calistoga,16
public_and_government_association,Santa Rosa,16
beauty_and_spa,Santa Rosa,15
beauty_salon,Petaluma,14
cardiologist,Larkspur,14
day_care_preschool,Fairfield,14
restaurant,Santa Rosa,14
automotive_repair,Fairfield,14
beauty_salon,Vallejo,14
restaurant,Vallejo,14
retirement_home,Santa Rosa,14
(uncategorized),Lakeport,13
restaurant,Fairfield,13
professional_services,Santa Rosa,13
farm,Dixon,13
hair_salon,Santa Rosa,13
beauty_salon,San Rafael,12
real_estate_agent,Petaluma,12
beauty_salon,Ukiah,12
real_estate,Santa Rosa,12
barber,Vallejo,12
beauty_salon,Rohnert Park,12
flowers_and_gifts_shop,Santa Rosa,12
winery,Windsor,12
(uncategorized),Windsor,12
(uncategorized),Rohnert Park,12
apartments,San Rafael,11
automotive_repair,Napa,11
hair_salon,Napa,11
real_estate_agent,Napa,11
home_service,Fairfield,11
real_estate_agent,Vallejo,11
chiropractor,Santa Rosa,11
nail_salon,Santa Rosa,11
farm,Sebastopol,11
farm,Healdsburg,10
winery,Glen Ellen,10
farm,Napa,10
public_and_government_association,Fairfield,10
religious_organization,Vallejo,10
contractor,Vacaville,10
mexican_restaurant,Vallejo,10
automotive,Santa Rosa,10
hvac_services,Santa Rosa,10
beauty_salon,Lakeport,9
restaurant,Napa,9
real_estate_agent,San Rafael,9
(uncategorized),Larkspur,9
automotive_repair,Ukiah,9
(uncategorized),Ukiah,9
real_estate_agent,Fairfield,9
professional_services,Fairfield,9
active_life,Santa Rosa,9
grocery_store,Santa Rosa,9
liquor_store,Napa,9
beauty_and_spa,Vacaville,9
day_care_preschool,Vallejo,9
dentist,Vallejo,9
hair_salon,Vacaville,9
(uncategorized),Benicia,9
campus_building,Davis,9
religious_organization,Santa Rosa,9
winery,Geyserville,8
winery,Cloverdale,8
automotive_repair,San Rafael,8
restaurant,Petaluma,8
grocery_store,Petaluma,8
(uncategorized),San Francisco,8
cardiologist,Novato,8
(uncategorized),Sausalito,8
retirement_home,Ukiah,8
barber,Fairfield,8
gym,Fairfield,8
hair_salon,Fairfield,8
hair_salon,Vallejo,8
winery,Yountville,8
grocery_store,Fairfield,8
church_cathedral,Napa,8
community_services_non_profits,Fairfield,8
beauty_salon,Dixon,8
beauty_salon,Benicia,8
day_care_preschool,Vacaville,8
mexican_restaurant,Fairfield,8
tattoo_and_piercing,Vallejo,8
professional_services,Vacaville,8
amusement_park,Vallejo,8
gas_station,Vallejo,8
community_services_non_profits,Vallejo,8
event_planning,Santa Rosa,8
gym,Santa Rosa,8
community_services_non_profits,Santa Rosa,8
cafe,San Rafael,7
hair_salon,Petaluma,7
real_estate_agent,Sonoma,7
community_services_non_profits,San Rafael,7
hair_salon,Ukiah,7
mexican_restaurant,Ukiah,7
(uncategorized),Fort Bragg,7
elementary_school,Ukiah,7
bar,Napa,7
gym,Napa,7
grocery_store,Napa,7
beauty_salon,Suisun City,7
retirement_home,Vallejo,7
home_service,Vacaville,7
professional_services,Vallejo,7
bar,Santa Rosa,7
dentist,Santa Rosa,7
medical_spa,Santa Rosa,7
doctor,Santa Rosa,7
home_service,Santa Rosa,7
medical_center,Santa Rosa,7
accommodation,Santa Rosa,7
automotive_repair,Lakeport,6
nail_salon,Lakeport,6
real_estate_agent,Lakeport,6
winery,Hopland,6
farm,Lakeport,6
beauty_salon,Novato,6
nail_salon,San Rafael,6
real_estate_agent,Mill Valley,6
restaurant,San Rafael,6
home_service,San Rafael,6
(uncategorized),San Anselmo,6
(uncategorized),Corte Madera,6
gym,Ukiah,6
campground,Fort Bragg,6
coffee_shop,Fairfield,6
dentist,Fairfield,6
hotel,Napa,6
martial_arts_club,Santa Rosa,6
mexican_restaurant,Napa,6
mortgage_broker,Napa,6
retirement_home,Fairfield,6
winery,Fairfield,6
winery,Saint Helena,6
convenience_store,Napa,6
active_life,Napa,6
professional_services,Napa,6
farm,Fairfield,6
liquor_store,St Helena,6
farm,Santa Rosa,6
used_car_dealer,Fairfield,6
public_and_government_association,Napa,6
community_services_non_profits,Napa,6
hospital,Fairfield,6
religious_organization,Fairfield,6
automotive_repair,Vacaville,6
barbecue_restaurant,Vallejo,6
dentist,Vacaville,6
gym,Vallejo,6
nail_salon,Vacaville,6
nail_salon,Vallejo,6
real_estate_agent,Benicia,6
tire_dealer_and_repair,Vallejo,6
farm,Winters,6
farm,Vacaville,6
liquor_store,Vallejo,6
(uncategorized),Suisun City,6
baptist_church,Vallejo,6
hospital,Vallejo,6
beauty_salon,Windsor,6
day_care_preschool,Santa Rosa,6
fast_food_restaurant,Santa Rosa,6
tattoo_and_piercing,Santa Rosa,6
waxing,Santa Rosa,6
winery,Sebastopol,6
car_dealer,Santa Rosa,6
counseling_and_mental_health,Santa Rosa,6
laundromat,Santa Rosa,6
(uncategorized),Sebastopol,6
farm,Middletown,5
farm,Calistoga,5
beauty_and_spa,Petaluma,5
chiropractor,San Rafael,5
coffee_shop,Petaluma,5
contractor,San Rafael,5
event_planning,Petaluma,5
hair_removal,Petaluma,5
hair_salon,Novato,5
restaurant,Novato,5
automotive,San Rafael,5
liquor_store,Sonoma,5
professional_services,Petaluma,5
school,San Rafael,5
professional_services,Novato,5
skate_park,Santa Rosa,5
doctor,Greenbrae,5
gas_station,Novato,5
community_services_non_profits,San Francisco,5
barber,Ukiah,5
clothing_store,Ukiah,5
contractor,Ukiah,5
farm,Ukiah,5
cafe,Napa,5
winery,Oakville,5
winery,Vacaville,5
home_service,Vallejo,5
liquor_store,Fairfield,5
school,Santa Rosa,5
social_service_organizations,Fairfield,5
(uncategorized),American Canyon,5
painting,Santa Rosa,5
bar,Vacaville,5
barber,Vacaville,5
barber,Benicia,5
contractor,Fairfield,5
jewelry_store,Fairfield,5
mexican_restaurant,Dixon,5
pet_services,Vacaville,5
preschool,Vacaville,5
equestrian_facility,Vacaville,5
professional_services,Dixon,5
tobacco_shop,Vacaville,5
shoe_store,Fairfield,5
college_university,Davis,5
coffee_shop,Santa Rosa,5
delicatessen,Santa Rosa,5
nail_salon,Rohnert Park,5
pet_groomer,Santa Rosa,5
real_estate_agent,Rohnert Park,5
towing_service,Santa Rosa,5
ice_cream_shop,Santa Rosa,5
shopping,Healdsburg,5
thrift_store,Santa Rosa,5
(uncategorized),Healdsburg,5
art_gallery,Santa Rosa,5
car_window_tinting,Santa Rosa,5
shopping_center,Santa Rosa,5
tobacco_shop,Santa Rosa,5
apartments,Santa Rosa,5
appliance_store,Santa Rosa,5
retail,Santa Rosa,5
shoe_store,Santa Rosa,5
elementary_school,Santa Rosa,5
baseball_field,Santa Rosa,5
beauty_salon,Kelseyville,4
hair_salon,Lakeport,4
hair_salon,Middletown,4
(uncategorized),Middletown,4
rv_park,Clearlake,4
community_services_non_profits,Lakeport,4
acupuncture,Mill Valley,4
antique_store,Petaluma,4
auto_body_shop,San Rafael,4
automotive_repair,Sonoma,4
automotive_repair,Novato,4
barber,San Rafael,4
beauty_and_spa,San Rafael,4
beauty_salon,Sonoma,4
coffee_shop,Sonoma,4
dentist,Petaluma,4
dry_cleaning,San Rafael,4
event_planning,San Rafael,4
gym,San Rafael,4
massage,San Rafael,4
mexican_restaurant,San Rafael,4
pet_sitting,San Rafael,4
real_estate_agent,Novato,4
winery,Petaluma,4
auto_detailing,San Rafael,4
general_dentistry,Petaluma,4
advertising_agency,Sonoma,4
car_dealer,Petaluma,4
grocery_store,San Rafael,4
professional_services,Mill Valley,4
health_and_medical,San Rafael,4
attractions_and_activities,San Rafael,4
counseling_and_mental_health,San Rafael,4
doctor,San Rafael,4
electronics,Petaluma,4
farm,Sonoma,4
marina,Sausalito,4
school,Petaluma,4
gas_station,Mill Valley,4
orthopedist,Larkspur,4
retail,Petaluma,4
community_services_non_profits,Novato,4
high_school,Petaluma,4
religious_organization,Petaluma,4
church_cathedral,San Rafael,4
community_services_non_profits,Petaluma,4
beauty_salon,Gualala,4
beauty_salon,Fort Bragg,4
flowers_and_gifts_shop,Ukiah,4
winery,Ukiah,4
convenience_store,Ukiah,4
skate_park,Fort Bragg,4
community_services_non_profits,Ukiah,4
religious_organization,Ukiah,4
auto_body_shop,Napa,4
contractor,Napa,4
event_planning,Napa,4
event_planning,American Canyon,4
filipino_restaurant,Vallejo,4
general_dentistry,Napa,4
hotel,Santa Rosa,4
mexican_restaurant,American Canyon,4
nail_salon,Fairfield,4
physical_therapy,Fairfield,4
womens_clothing_store,Fairfield,4
arcade,Fairfield,4
real_estate,Napa,4
school,Napa,4
real_estate,Vallejo,4
art_gallery,Napa,4
fire_department,Vallejo,4
attractions_and_activities,Napa,4
printing_services,Vallejo,4
health_and_medical,Fairfield,4
(uncategorized),Saint Helena,4
elementary_school,Fairfield,4
attractions_and_activities,Vallejo,4
baseball_field,Napa,4
automotive,Vacaville,4
automotive_repair,Benicia,4
automotive_repair,Dixon,4
bakery,Vallejo,4
bakery,Dixon,4
barber,Dixon,4
barber,Suisun City,4
cafe,Vacaville,4
chinese_restaurant,Vallejo,4
construction_services,Fairfield,4
contractor,Vallejo,4
day_care_preschool,Suisun City,4
event_planning,Vallejo,4
optometrist,Vacaville,4
pet_groomer,Vacaville,4
restaurant,Vacaville,4
retirement_home,Vacaville,4
tattoo_and_piercing,Vacaville,4
tattoo_and_piercing,Fairfield,4
art_gallery,Vallejo,4
convenience_store,Vallejo,4
gas_station,Vacaville,4
real_estate,Vacaville,4
health_and_medical,Vallejo,4
baseball_field,Vacaville,4
doctor,Vallejo,4
family_practice,Vacaville,4
tobacco_shop,Vallejo,4
skate_park,Benicia,4
health_and_medical,Vacaville,4
car_dealer,Vallejo,4
(uncategorized),Rodeo,4
church_cathedral,Suisun City,4
public_and_government_association,Travis Air Force Base,4
pentecostal_church,Vallejo,4
church_cathedral,Rodeo,4
church_cathedral,Vacaville,4
public_and_government_association,Vallejo,4
american_restaurant,Santa Rosa,4
auto_detailing,Santa Rosa,4
barbecue_restaurant,Sebastopol,4
barber,Rohnert Park,4
clothing_store,Santa Rosa,4
clothing_store,Healdsburg,4
contractor,Santa Rosa,4
day_care_preschool,Windsor,4
gym,Rohnert Park,4
hair_salon,Sebastopol,4
landscaping,Santa Rosa,4
masonry_concrete,Santa Rosa,4
massage_therapy,Santa Rosa,4
nail_salon,Cotati,4
preschool,Santa Rosa,4
restaurant,Guerneville,4
wine_bar,Santa Rosa,4
womens_clothing_store,Santa Rosa,4
day_spa,Santa Rosa,4
flooring_store,Santa Rosa,4
mortgage_broker,Santa Rosa,4
roofing,Santa Rosa,4
auto_glass_service,Santa Rosa,4
campground,Guerneville,4
fruits_and_vegetables,Sebastopol,4
grocery_store,Rohnert Park,4
laundromat,Rohnert Park,4
graphic_designer,Santa Rosa,4
home_improvement_store,Santa Rosa,4
accommodation,Healdsburg,4
health_and_medical,Santa Rosa,4
marketing_agency,Santa Rosa,4
shopping,Santa Rosa,4
building_supply_store,Santa Rosa,4
property_management,Rohnert Park,4
campus_building,Rohnert Park,4
liquor_store,Healdsburg,4
resort,Santa Rosa,4
travel,Santa Rosa,4
religious_organization,Rohnert Park,4
college_university,Santa Rosa,4
hospital,Santa Rosa,4
bank_credit_union,Santa Rosa,4
auto_detailing,Clearlake,3
beauty_salon,Clearlake,3
clothing_store,Clearlake,3
coffee_shop,Kelseyville,3
hair_salon,Kelseyville,3
winery,Potter Valley,3
farm,Cloverdale,3
thrift_store,Lakeport,3
appliance_repair_service,Clearlake,3
tobacco_shop,Clearlake,3
professional_services,Upper Lake,3
(uncategorized),Clearlake,3
campground,Lake County,3
resort,Lakeport,3
farm,Kelseyville,3
school,Cobb,3
self_storage_facility,Clearlake,3
religious_organization,Kelseyville,3
church_cathedral,Clearlake,3
acupuncture,San Rafael,3
american_restaurant,San Rafael,3
barber,Petaluma,3
cafe,Petaluma,3
cafe,Sonoma,3
chiropractor,Petaluma,3
clothing_store,Sausalito,3
coffee_shop,San Francisco,3
day_care_preschool,Novato,3
day_care_preschool,San Rafael,3
flowers_and_gifts_shop,Sonoma,3
food_truck,San Rafael,3
food_truck,Sonoma,3
furniture_store,San Rafael,3
gift_shop,Novato,3
gym,Novato,3
hotel,San Rafael,3
hotel,Sonoma,3
hvac_services,San Rafael,3
massage_therapy,San Rafael,3
mexican_restaurant,Petaluma,3
pet_groomer,Novato,3
physical_therapy,Petaluma,3
plumbing,Novato,3
preschool,San Rafael,3
restaurant,Mill Valley,3
retirement_home,Petaluma,3
retirement_home,Sonoma,3
spas,San Rafael,3
bar,Petaluma,3
breakfast_and_brunch_restaurant,San Rafael,3
hvac_services,Sonoma,3
landscaping,Petaluma,3
pizza_restaurant,Petaluma,3
roofing,Petaluma,3
arts_and_entertainment,Sonoma,3
community_center,Petaluma,3
donuts,San Rafael,3
hobby_shop,Petaluma,3
used_vintage_and_consignment,Petaluma,3
car_dealer,San Rafael,3
car_window_tinting,San Rafael,3
real_estate,San Rafael,3
financial_service,San Rafael,3
painting,Novato,3
travel_services,Petaluma,3
attractions_and_activities,San Francisco,3
butcher_shop,Sonoma,3
campground,Mill Valley,3
dairy_farm,Petaluma,3
farm,Penngrove,3
grocery_store,Novato,3
home_health_care,San Rafael,3
medical_center,San Rafael,3
bus_station,San Rafael,3
school,Novato,3
shopping_center,Petaluma,3
train_station,Petaluma,3
doctor,Petaluma,3
farm,Bolinas,3
(uncategorized),Tiburon,3
apartments,Novato,3
auto_insurance,Sonoma,3
auto_insurance,San Rafael,3
boat_charter,Sausalito,3
resort,San Rafael,3
shoe_store,San Rafael,3
used_car_dealer,San Rafael,3
mobile_phone_store,San Rafael,3
church_cathedral,Mill Valley,3
religious_organization,San Rafael,3
college_university,Novato,3
elementary_school,San Rafael,3
church_cathedral,Sonoma,3
public_service_and_government,Sonoma,3
attractions_and_activities,Sausalito,3
attractions_and_activities,(unknown),3
campground,(unknown),3
pier,Sausalito,3
automotive_repair,Fort Bragg,3
barber,Willits,3
boutique,Willits,3
mexican_restaurant,Fort Bragg,3
nail_salon,Ukiah,3
plumbing,Ukiah,3
preschool,Ukiah,3
real_estate_agent,Ukiah,3
restaurant,Ukiah,3
tattoo_and_piercing,Willits,3
winery,Redwood Valley,3
art_gallery,Ukiah,3
art_gallery,Fort Bragg,3
ice_cream_shop,Ukiah,3
car_dealer,Willits,3
towing_service,Ukiah,3
gas_station,Ukiah,3
laundromat,Ukiah,3
shopping,Ukiah,3
skate_park,Mendocino County,3
school,Fort Bragg,3
resort,Ukiah,3
travel,Fort Bragg,3
accountant,Napa,3
accountant,Fairfield,3
acupuncture,Napa,3
bakery,Santa Rosa,3
barber,Napa,3
beauty_and_spa,Fairfield,3
chicken_restaurant,Fairfield,3
construction_services,Napa,3
construction_services,Santa Rosa,3
food_truck,Napa,3
hotel,Calistoga,3
jewelry_store,Napa,3
landscaping,Napa,3
martial_arts_club,Napa,3
massage,Napa,3
nail_salon,Napa,3
pet_services,Napa,3
preschool,Fairfield,3
restaurant,American Canyon,3
restaurant,St Helena,3
retirement_home,Napa,3
winery,Angwin,3
winery,Kenwood,3
automotive,Fairfield,3
handyman,Napa,3
pizza_restaurant,Fairfield,3
ice_cream_shop,Napa,3
trusts,Napa,3
insurance_agency,Fairfield,3
naturopathic_holistic,Napa,3
home_improvement_store,Vallejo,3
insurance_agency,Napa,3
painting,Napa,3
discount_store,Vallejo,3
doctor,Napa,3
farm,St Helena,3
gas_station,Fairfield,3
tobacco_shop,Napa,3
active_life,Vallejo,3
farm,American Canyon,3
farmers_market,Santa Rosa,3
(uncategorized),Calistoga,3
accommodation,Napa,3
airport,Santa Rosa,3
counseling_and_mental_health,Fairfield,3
installment_loans,Vallejo,3
professional_services,St Helena,3
shopping,Fairfield,3
auto_parts_and_supply_store,Napa,3
convenience_store,Fairfield,3
pharmacy,Fairfield,3
resort,Napa,3
self_storage_facility,Fairfield,3
windshield_installation_and_repair,Napa,3
(uncategorized),NAPA,3
cardiologist,Saint Helena,3
church_cathedral,American Canyon,3
elementary_school,Napa,3
atms,Napa,3
medical_center,Fairfield,3
school,Fairfield,3
shopping_center,Fairfield,3
winery,Rutherford,3
antique_store,Vacaville,3
auto_body_shop,Vacaville,3
auto_detailing,Fairfield,3
automotive,Vallejo,3
bar,Vallejo,3
barbecue_restaurant,Vacaville,3
barber,Pittsburg,3
beauty_and_spa,Vallejo,3
beauty_and_spa,Pittsburg,3
beauty_salon,Rio Vista,3
clothing_store,Fairfield,3
contractor,Dixon,3
contractor,Benicia,3
cosmetic_and_beauty_supplies,Vacaville,3
event_photography,Vacaville,3
event_planning,Vacaville,3
food_truck,Vallejo,3
home_cleaning,Vallejo,3
hotel,Vallejo,3
jewelry_store,Benicia,3
martial_arts_club,Fairfield,3
pet_store,Vacaville,3
pizza_restaurant,Vallejo,3
plumbing,Vallejo,3
seafood_restaurant,Vallejo,3
tanning_salon,Vacaville,3
thai_restaurant,Vacaville,3
womens_clothing_store,Vallejo,3
appliance_repair_service,Vallejo,3
office_equipment,Vallejo,3
professional_services,Benicia,3
supermarket,Vallejo,3
towing_service,Vallejo,3
trusts,Fairfield,3
doctor,Vacaville,3
social_service_organizations,Vacaville,3
appliance_repair_service,Fairfield,3
grocery_store,Vacaville,3
social_service_organizations,Vallejo,3
(uncategorized),Dixon,3
home_improvement_store,Fairfield,3
armed_forces_branch,Fairfield,3
doctor,Fairfield,3
shopping,Vallejo,3
thrift_store,Vallejo,3
school,Vacaville,3
naturopathic_holistic,Vallejo,3
builders,Vacaville,3
church_cathedral,Winters,3
church_cathedral,Pittsburg,3
community_services_non_profits,Suisun City,3
religious_organization,Vacaville,3
antique_store,Sebastopol,3
auto_body_shop,Santa Rosa,3
automotive_repair,Healdsburg,3
bakery,Rohnert Park,3
beauty_salon,Sebastopol,3
beauty_salon,Healdsburg,3
boutique,Santa Rosa,3
cafe,Rohnert Park,3
cafe,Sebastopol,3
cafe,Santa Rosa,3
clothing_store,Sebastopol,3
cosmetic_dentist,Santa Rosa,3
dentist,Rohnert Park,3
dog_park,Santa Rosa,3
electrician,Santa Rosa,3
food_truck,Santa Rosa,3
gift_shop,Santa Rosa,3
hair_salon,Rohnert Park,3
handyman,Santa Rosa,3
hotel,Healdsburg,3
hotel,Guerneville,3
jewelry_store,Santa Rosa,3
massage,Santa Rosa,3
real_estate_agent,Sebastopol,3
restaurant,Sebastopol,3
restaurant,Rohnert Park,3
sports_and_fitness_instruction,Santa Rosa,3
thai_restaurant,Santa Rosa,3
veterinarian,Santa Rosa,3
mortgage_lender,Santa Rosa,3
optometrist,Santa Rosa,3
electronics,Santa Rosa,3
emissions_inspection,Santa Rosa,3
freight_and_cargo_service,Santa Rosa,3
hobby_shop,Rohnert Park,3
mobile_home_park,Santa Rosa,3
nursery_and_gardening,Sebastopol,3
sporting_goods,Santa Rosa,3
trusts,Santa Rosa,3
naturopathic_holistic,Santa Rosa,3
museum,Santa Rosa,3
candy_store,Santa Rosa,3
donuts,Santa Rosa,3
fire_department,Santa Rosa,3
liquor_store,Santa Rosa,3
shoe_store,Rohnert Park,3
travel_services,Santa Rosa,3
tree_services,Santa Rosa,3
environmental_conservation_and_ecological_organizations,Santa Rosa,3
chimney_sweep,Santa Rosa,3
emissions_inspection,Rohnert Park,3
home_decor,Santa Rosa,3
office_equipment,Santa Rosa,3
used_car_dealer,Santa Rosa,3
brake_service_and_repair,Rohnert Park,3
(uncategorized),SANTA ROSA,3
(uncategorized),WINDSOR,3
church_cathedral,Windsor,3
college_university,Rohnert Park,3
central_government_office,Santa Rosa,3
church_cathedral,Sebastopol,3
attractions_and_activities,Santa Rosa,3
winery,Occidental,3
antique_store,Upper Lake,2
automotive,Clearlake,2
automotive_parts_and_accessories,Lakeport,2
automotive_repair,Kelseyville,2
automotive_repair,Middletown,2
automotive_repair,Lower Lake,2
automotive_repair,Upper Lake,2
bar,Clearlake,2
bar,Cloverdale,2
bar_and_grill_restaurant,Middletown,2
barber,Lakeport,2
beauty_and_spa,Lakeport,2
beauty_and_spa,Middletown,2
beauty_salon,Cloverdale,2
clothing_store,Middletown,2
coffee_shop,Clearlake,2
day_care_preschool,Hidden Valley Lake,2
electrician,Kelseyville,2
event_planning,Hopland,2
event_planning,Nice,2
furniture_store,Clearlake,2
gym,Lakeport,2
hotel,Clearlake,2
hotel,Nice,2
hvac_services,Clearlake,2
hvac_services,Cloverdale,2
mexican_restaurant,Clearlake,2
real_estate_agent,Hidden Valley Lake,2
real_estate_agent,Cloverdale,2
restaurant,Clearlake,2
restaurant,Kelseyville,2
septic_services,Lakeport,2
tattoo_and_piercing,Clearlake Oaks,2
winery,Lower Lake,2
wine_tasting_room,Healdsburg,2
art_gallery,Clearlake,2
professional_services,Cloverdale,2
rv_park,Nice,2
thrift_store,Clearlake Oaks,2
flea_market,Lakeport,2
thrift_store,Middletown,2
glass_and_mirror_sales_service,Lakeport,2
race_track,Lakeport,2
campground,Potter Valley,2
farm,Lower Lake,2
insurance_agency,Middletown,2
professional_services,Kelseyville,2
shopping,Clearlake,2
active_life,Cloverdale,2
fire_department,Lower Lake,2
social_service_organizations,Clearlake,2
thrift_store,Clearlake,2
art_gallery,Middletown,2
gas_station,Upper Lake,2
livestock_breeder,Healdsburg,2
shopping,Clearlake Oaks,2
tobacco_shop,Nice,2
travel,Cloverdale,2
windshield_installation_and_repair,Clearlake,2
(uncategorized),Kelseyville,2
high_school,Kelseyville,2
library,Clearlake,2
church_cathedral,Kelseyville,2
community_services_non_profits,Kelseyville,2
catholic_church,Cobb,2
farmers_market,Healdsburg,2
fashion,Lakeport,2
american_restaurant,San Francisco,2
automotive_repair,Petaluma,2
bakery,Larkspur,2
barbecue_restaurant,Sonoma,2
beauty_and_spa,Novato,2
beauty_salon,Sausalito,2
beauty_salon,Mill Valley,2
chinese_restaurant,Petaluma,2
chiropractor,Novato,2
clothing_store,San Rafael,2
clothing_store,Petaluma,2
coffee_shop,San Rafael,2
comfort_food_restaurant,Petaluma,2
construction_services,Petaluma,2
contractor,Novato,2
contractor,Petaluma,2
cosmetic_and_beauty_supplies,San Rafael,2
cosmetic_and_beauty_supplies,Petaluma,2
day_care_preschool,Petaluma,2
day_spa,Sausalito,2
delicatessen,Sonoma,2
dentist,Novato,2
dentist,San Rafael,2
event_photography,Petaluma,2
event_photography,Corte Madera,2
flowers_and_gifts_shop,San Rafael,2
flowers_and_gifts_shop,Petaluma,2
flowers_and_gifts_shop,Novato,2
flowers_and_gifts_shop,Greenbrae,2
furniture_store,Sonoma,2
gym,Mill Valley,2
gym,Petaluma,2
gym,Sausalito,2
hair_salon,San Rafael,2
home_cleaning,Petaluma,2
hot_dog_restaurant,Corte Madera,2
hotel,Corte Madera,2
hotel,Novato,2
hotel,Petaluma,2
jewelry_store,Sonoma,2
mortgage_broker,Novato,2
nail_salon,Mill Valley,2
nail_salon,San Anselmo,2
nail_salon,Petaluma,2
optometrist,San Rafael,2
pest_control_service,Petaluma,2
pet_store,Petaluma,2
physical_therapy,San Rafael,2
pizza_restaurant,San Rafael,2
preschool,Petaluma,2
preschool,Mill Valley,2
pub,Petaluma,2
real_estate_agent,Larkspur,2
real_estate_agent,Belvedere-Tiburon,2
restaurant,San Anselmo,2
restaurant,Larkspur,2
skin_care,Petaluma,2
spas,Petaluma,2
tattoo_and_piercing,Sonoma,2
vietnamese_restaurant,San Rafael,2
winery,Mill Valley,2
architect,Novato,2
automotive,Petaluma,2
baby_gear_and_furniture,San Rafael,2
bed_and_breakfast,Sonoma,2
flooring_store,Novato,2
florist,San Rafael,2
food_delivery_service,Mill Valley,2
gift_shop,San Rafael,2
mortgage_broker,San Rafael,2
mortgage_lender,San Rafael,2
office_cleaning,Novato,2
personal_injury_law,Greenbrae,2
roofing,San Rafael,2
tire_shop,Novato,2
tire_shop,Petaluma,2
womens_clothing_store,Corte Madera,2
antique_store,San Anselmo,2
bar,Sonoma,2
florist,Mill Valley,2
food_delivery_service,Petaluma,2
hotel,Mill Valley,2
notary_public,San Rafael,2
restaurant,Corte Madera,2
winery,Sausalito,2
advertising_agency,Petaluma,2
art_school,San Rafael,2
boat_service_and_repair,Sausalito,2
carpenter,Petaluma,2
community_center,San Rafael,2
emissions_inspection,Novato,2
equestrian_facility,Petaluma,2
farmers_market,Novato,2
ice_cream_shop,Petaluma,2
ice_cream_shop,San Rafael,2
it_service_and_computer_repair,San Rafael,2
it_service_and_computer_repair,Sonoma,2
machine_shop,San Rafael,2
music_production,Novato,2
music_production,Sonoma,2
radio_station,Point Reyes Station,2
social_service_organizations,Novato,2
arts_and_crafts,San Anselmo,2
financial_service,San Anselmo,2
real_estate,Novato,2
real_estate,Sonoma,2
trusts,Novato,2
active_life,Petaluma,2
electronics,San Rafael,2
gardener,San Rafael,2
real_estate,Petaluma,2
shopping,Larkspur,2
convenience_store,San Rafael,2
financial_advising,San Rafael,2
fire_department,Petaluma,2
health_and_medical,Mill Valley,2
insurance_agency,Petaluma,2
laundromat,San Rafael,2
liquor_store,Novato,2
printing_services,Sonoma,2
real_estate,Sausalito,2
shopping_center,Sonoma,2
skate_park,Marin County,2
supermarket,Sonoma,2
supermarket,San Rafael,2
baseball_field,Petaluma,2
boat_dealer,Mill Valley,2
sports_and_recreation_venue,San Rafael,2
tennis_court,San Rafael,2
accommodation,San Rafael,2
bus_station,San Francisco,2
home_developer,Novato,2
professional_services,San Rafael,2
race_track,Sonoma,2
shopping_center,San Francisco,2
train_station,San Rafael,2
travel_services,Sonoma,2
active_life,San Rafael,2
basketball_court,Sausalito,2
chimney_sweep,Mill Valley,2
chimney_sweep,Sausalito,2
health_and_medical,Greenbrae,2
mobile_phone_store,Sonoma,2
professional_services,Sonoma,2
apartments,Sausalito,2
brake_service_and_repair,San Rafael,2
building_supply_store,Petaluma,2
business_management_services,Petaluma,2
cardiologist,Sonoma,2
department_store,San Rafael,2
doctor,Novato,2
electronics,Novato,2
fence_and_gate_sales_service,Petaluma,2
gas_station,San Rafael,2
hot_tubs_and_pools,Sonoma,2
infectious_disease_specialist,Greenbrae,2
property_management,Novato,2
retail,Novato,2
retail,Corte Madera,2
self_storage_facility,Novato,2
social_and_human_services,San Rafael,2
toy_store,Greenbrae,2
toy_store,San Rafael,2
used_car_dealer,Petaluma,2
windshield_installation_and_repair,San Anselmo,2
apartments,Fair,2
doctor,Larkspur,2
endocrinologist,Greenbrae,2
marketing_agency,Petaluma,2
medical_center,Novato,2
rental_services,Larkspur,2
sports_wear,San Rafael,2
transmission_repair,Novato,2
travel,Novato,2
(uncategorized),PETALUMA,2
(uncategorized),Fairfax,2
(uncategorized),Belvedere Tiburon,2
(uncategorized),Greenbrae,2
office_equipment,Sonoma,2
college_university,San Anselmo,2
community_services_non_profits,Sonoma,2
community_services_non_profits,San Anselmo,2
church_cathedral,Novato,2
religious_organization,Novato,2
catholic_church,San Rafael,2
elementary_school,Sausalito,2
public_school,Petaluma,2
parking,Petaluma,2
public_and_government_association,Petaluma,2
public_and_government_association,Mill Valley,2
public_service_and_government,San Rafael,2
public_and_government_association,Sausalito,2
community_services_non_profits,Corte Madera,2
active_life,Tiburon,2
amateur_sports_team,Petaluma,2
art_gallery,Petaluma,2
atms,San Rafael,2
atms,Petaluma,2
attractions_and_activities,Sonoma,2
bar,San Rafael,2
bus_station,Sausalito,2
campground,Point Reyes Station,2
church_cathedral,Petaluma,2
dog_park,San Francisco,2
event_planning,Novato,2
event_planning,Sonoma,2
hotel,Rohnert Park,2
national_park,Sausalito,2
national_park,Mill Valley,2
national_park,Point Reyes Station,2
public_service_and_government,Petaluma,2
religious_organization,Sausalito,2
restaurant,Marshall,2
shopping_center,Larkspur,2
skate_park,(unknown),2
train_station,Novato,2
auto_body_shop,Ukiah,2
automotive,Ukiah,2
bar,Redwood Valley,2
barber,Fort Bragg,2
beauty_salon,Willits,2
boutique,Ukiah,2
carpet_cleaning,Ukiah,2
divorce_and_family_law,Ukiah,2
electrician,Ukiah,2
event_planning,Willits,2
flowers_and_gifts_shop,Fort Bragg,2
hair_salon,Willits,2
hot_dog_restaurant,Ukiah,2
hotel,Fort Bragg,2
hotel,Point Arena,2
hotel,Ukiah,2
massage,Fort Bragg,2
pet_groomer,Fort Bragg,2
real_estate_agent,Willits,2
restaurant,Mendocino,2
retirement_home,Fort Bragg,2
tanning_salon,Willits,2
tire_dealer_and_repair,Ukiah,2
winery,Philo,2
womens_clothing_store,Mendocino,2
chiropractor,Gualala,2
vacation_rental_agents,Mendocino,2
art_gallery,Point Arena,2
arts_and_crafts,Point Arena,2
supermarket,Fort Bragg,2
tree_services,Willits,2
trusts,Ukiah,2
used_vintage_and_consignment,Fort Bragg,2
car_window_tinting,Ukiah,2
grocery_store,Leggett,2
(uncategorized),Willits,2
auto_glass_service,Ukiah,2
shopping,Boonville,2
youth_organizations,Ukiah,2
farm,Redwood Valley,2
grocery_store,Ukiah,2
tree_services,Ukiah,2
active_life,Fort Bragg,2
farm,Covelo,2
farm,Fort Bragg,2
grocery_store,Willits,2
holiday_rental_home,Mendocino,2
mobile_home_park,Ukiah,2
mobile_home_park,Fort Bragg,2
truck_repair,Ukiah,2
water_supplier,Westport,2
campground,Mendocino County,2
holiday_rental_home,Fort Bragg,2
professional_services,Willits,2
apartments,Willits,2
auto_insurance,Ukiah,2
convenience_store,Willits,2
health_consultant,Ukiah,2
thrift_store,Willits,2
community_services_non_profits,Covelo,2
community_services_non_profits,Willits,2
public_and_government_association,Ukiah,2
church_cathedral,Ukiah,2
elementary_school,Laytonville,2
hospital,Ukiah,2
public_service_and_government,Mendocino,2
public_and_government_association,Fort Bragg,2
religious_organization,Fort Bragg,2
church_cathedral,Boonville,2
public_and_government_association,Willits,2
public_service_and_government,Ukiah,2
public_and_government_association,Point Arena,2
bank_credit_union,Fort Bragg,2
baseball_field,Ukiah,2
day_care_preschool,Ukiah,2
event_planning,Ukiah,2
farm,Manchester,2
american_restaurant,Napa,2
beauty_and_spa,Calistoga,2
beauty_and_spa,Napa,2
beauty_salon,St Helena,2
bed_and_breakfast,Napa,2
boutique,Napa,2
burger_restaurant,Santa Rosa,2
chiropractor,Napa,2
clothing_store,Calistoga,2
delicatessen,Napa,2
dentist,St Helena,2
fast_food_restaurant,Napa,2
flowers_and_gifts_shop,Napa,2
furniture_store,Napa,2
furniture_store,Vallejo,2
general_dentistry,Fairfield,2
home_cleaning,Napa,2
hvac_services,Fairfield,2
hvac_services,Napa,2
martial_arts_club,American Canyon,2
massage_therapy,Fairfield,2
mexican_restaurant,Calistoga,2
pet_services,Fairfield,2
pilates_studio,Santa Rosa,2
pizza_restaurant,Napa,2
plumbing,American Canyon,2
real_estate_agent,St Helena,2
restaurant,Yountville,2
spas,Napa,2
taco_restaurant,Napa,2
tattoo_and_piercing,Napa,2
wine_wholesaler,Saint Helena,2
automotive,Napa,2
automotive,Glen Ellen,2
cosmetic_dentist,Napa,2
electrician,Napa,2
pediatric_dentist,Fairfield,2
real_estate_agent,Saint Helena,2
sports_and_fitness_instruction,Fairfield,2
cleaning_products_supplier,Fairfield,2
cosmetic_dentist,Fairfield,2
courier_and_delivery_services,Fairfield,2
gift_shop,Fairfield,2
sports_bar,Napa,2
amusement_park,Santa Rosa,2
farm,Guinda,2
sporting_goods,Napa,2
cinema,Napa,2
steakhouse,Napa,2
graphic_designer,Napa,2
printing_services,Napa,2
social_service_organizations,Napa,2
desserts,Napa,2
used_vintage_and_consignment,Napa,2
campus_building,Angwin,2
convenience_store,St Helena,2
fire_department,Napa,2
freight_and_cargo_service,Fairfield,2
liquor_store,Calistoga,2
podiatrist,Napa,2
pop_up_shop,Fairfield,2
private_school,Napa,2
recreational_vehicle_dealer,Napa,2
tennis_court,Fairfield,2
transportation,Fairfield,2
arts_and_entertainment,Napa,2
fire_protection_service,Fairfield,2
fire_protection_service,Napa,2
installment_loans,Napa,2
legal_services,Fairfield,2
skate_park,Napa,2
commercial_industrial,Napa,2
commercial_industrial,Vallejo,2
farm,Capay,2
sewing_and_alterations,Fairfield,2
(uncategorized),St Helena,2
property_management,Santa Rosa,2
shopping,Napa,2
apartments,Napa,2
appliance_store,Napa,2
auto_insurance,Fairfield,2
business_equipment_and_supply,Fairfield,2
cannabis_dispensary,Vallejo,2
fashion_accessories_store,Napa,2
home_health_care,Santa Rosa,2
hot_tubs_and_pools,Napa,2
medical_center,Napa,2
museum,Napa,2
paint_store,Fairfield,2
shoe_store,Napa,2
grocery_store,Calistoga,2
marketing_agency,Napa,2
obstetrician_and_gynecologist,Saint Helena,2
packing_supply,Fairfield,2
pets,Santa Rosa,2
retail,Napa,2
tobacco_shop,Fairfield,2
tree_services,Napa,2
(uncategorized),Yountville,2
baptist_church,Fairfield,2
library,Napa,2
public_service_and_government,Napa,2
church_cathedral,St Helena,2
high_school,Napa,2
public_and_government_association,Yountville,2
atms,Santa Rosa,2
attractions_and_activities,Calistoga,2
baseball_field,Yountville,2
cosmetic_and_beauty_supplies,Santa Rosa,2
event_planning,Fairfield,2
farmers_market,Napa,2
food_stand,Vallejo,2
hotel,Fairfield,2
indian_restaurant,Vallejo,2
insurance_agency,Santa Rosa,2
national_park,Glen Ellen,2
public_service_and_government,St Helena,2
public_service_and_government,Yountville,2
public_service_and_government,Fairfield,2
real_estate,Fairfield,2
religious_organization,Napa,2
town_hall,Fairfield,2
train_station,Fairfield,2
travel,Napa,2
travel,Fairfield,2
american_restaurant,Vallejo,2
american_restaurant,Suisun City,2
american_restaurant,Rio Vista,2
antique_store,Benicia,2
antique_store,Vallejo,2
auto_body_shop,Vallejo,2
bakery,Winters,2
bakery,Rio Vista,2
barber,Rio Vista,2
beauty_salon,Winters,2
beauty_salon,Pittsburg,2
boutique,Dixon,2
burger_restaurant,Vallejo,2
cafe,Fairfield,2
clothing_store,Winters,2
clothing_store,Vallejo,2
construction_services,Vallejo,2
event_planning,Suisun City,2
fast_food_restaurant,Vallejo,2
filipino_restaurant,Suisun City,2
filipino_restaurant,Fairfield,2
flowers_and_gifts_shop,Fairfield,2
flowers_and_gifts_shop,Vallejo,2
food_truck,Rio Vista,2
furniture_store,Benicia,2
gym,Suisun City,2
gym,Vacaville,2
hair_removal,Vacaville,2
hair_salon,Winters,2
hair_salon,Benicia,2
home_cleaning,Suisun City,2
hvac_services,Vacaville,2
hvac_services,Benicia,2
jewelry_store,Vallejo,2
jewelry_store,Vacaville,2
landscaping,Vallejo,2
martial_arts_club,Vallejo,2
massage_therapy,Vallejo,2
medical_spa,Benicia,2
mexican_restaurant,Elmira,2
mexican_restaurant,Benicia,2
mexican_restaurant,Suisun City,2
notary_public,Vallejo,2
notary_public,Vacaville,2
pet_groomer,Suisun City,2
pet_groomer,Vallejo,2
pet_groomer,Fairfield,2
restaurant,Benicia,2
skin_care,Vallejo,2
smoothie_juice_bar,Vacaville,2
spas,Vacaville,2
spas,Suisun City,2
spas,Fairfield,2
taco_restaurant,Vallejo,2
tattoo_and_piercing,Suisun City,2
tire_dealer_and_repair,Fairfield,2
vietnamese_restaurant,Vallejo,2
american_restaurant,Benicia,2
auto_body_shop,Davis,2
brewery,Vallejo,2
chiropractor,Fairfield,2
flooring_store,Benicia,2
florist,Vacaville,2
massage,Vallejo,2
plumbing,Fairfield,2
plumbing,Vacaville,2
tire_shop,Vallejo,2
baby_gear_and_furniture,Fairfield,2
cafe,Benicia,2
general_dentistry,Vallejo,2
hvac_services,VACAVILLE,2
pan_asian_restaurant,Fairfield,2
armed_forces_branch,Travis Air Force Base,2
car_window_tinting,Fairfield,2
desserts,Fairfield,2
fruits_and_vegetables,Winters,2
laundromat,Fairfield,2
mobile_home_park,Vacaville,2
party_supply,Vallejo,2
school,Vallejo,2
towing_service,Fairfield,2
trusts,Vallejo,2
automobile_registration_service,Fairfield,2
sporting_goods,Vallejo,2
active_life,Suisun City,2
grocery_store,Vallejo,2
motorcycle_dealer,Vacaville,2
painting,Vallejo,2
pharmacy,Vacaville,2
auto_customization,Fairfield,2
butcher_shop,Fairfield,2
campground,Fairfield,2
car_dealer,Fairfield,2
car_wash,Dixon,2
convenience_store,Vacaville,2
farm,Rio Vista,2
fire_department,Fairfield,2
freight_and_cargo_service,Benicia,2
freight_and_cargo_service,Vallejo,2
internal_medicine,Vallejo,2
laundromat,Benicia,2
shopping_center,Vallejo,2
sports_and_recreation_venue,Fairfield,2
sports_and_recreation_venue,Vacaville,2
tree_services,Vallejo,2
wholesale_store,Vacaville,2
car_dealer,Benicia,2
eat_and_drink,Vallejo,2
employment_agencies,Vacaville,2
farmers_market,Vacaville,2
theatre,Vallejo,2
accommodation,Vallejo,2
agricultural_service,Vacaville,2
home_goods_store,Vallejo,2
nursery_and_gardening,Vacaville,2
race_track,Vallejo,2
school,Winters,2
shoe_store,Vacaville,2
thrift_store,Rio Vista,2
hardware_store,Vallejo,2
real_estate,Benicia,2
skate_park,Vallejo,2
appliance_store,Vallejo,2
auto_insurance,Vallejo,2
building_supply_store,Vacaville,2
business_to_business,Benicia,2
candy_store,Vacaville,2
christmas_trees,Vallejo,2
framing_store,Vallejo,2
gas_station,Benicia,2
leather_goods,Crockett,2
mobile_phone_store,Fairfield,2
online_shop,Vallejo,2
perfume_store,Fairfield,2
process_servers,Vallejo,2
resort,Vacaville,2
resort,Vallejo,2
retail,Vacaville,2
toy_store,Vallejo,2
windshield_installation_and_repair,Dixon,2
door_sales_service,Dixon,2
grocery_store,Rodeo,2
medical_supply,Benicia,2
truck_rentals,Fairfield,2
(uncategorized),VALLEJO,2
(uncategorized),Bay Point,2
hospital,Vacaville,2
parking,Davis,2
public_service_and_government,Vallejo,2
central_government_office,Fairfield,2
college_university,Vallejo,2
parking,Vallejo,2
bank_credit_union,Vallejo,2
church_cathedral,Dixon,2
high_school,Fairfield,2
bank_credit_union,Vacaville,2
window_treatment_store,Vacaville,2
active_life,Winters,2
atms,Fairfield,2
atms,Winters,2
atms,Vacaville,2
campground,Winters,2
fashion_accessories_store,Fairfield,2
football_stadium,Vacaville,2
library,Vacaville,2
pier,Benicia,2
train_station,Benicia,2
travel,Vallejo,2
accountant,Santa Rosa,2
antique_store,Santa Rosa,2
automotive_repair,Sebastopol,2
bakery,Healdsburg,2
bakery,Windsor,2
barber,Cotati,2
beauty_and_spa,Rohnert Park,2
beauty_salon,Cotati,2
bed_and_breakfast,Guerneville,2
bed_and_breakfast,Sebastopol,2
brewery,Santa Rosa,2
brewery,Duncans Mills,2
brewery,Rohnert Park,2
coffee_shop,Rohnert Park,2
construction_services,Windsor,2
contractor,Windsor,2
day_care_preschool,Rohnert Park,2
delicatessen,Cotati,2
dentist,Healdsburg,2
dentist,Sebastopol,2
dive_bar,Santa Rosa,2
dry_cleaning,Sebastopol,2
dry_cleaning,Santa Rosa,2
electrician,Windsor,2
event_photography,Santa Rosa,2
event_planning,Rohnert Park,2
excavation_service,Santa Rosa,2
flowers_and_gifts_shop,Rohnert Park,2
food_banks,Santa Rosa,2
food_delivery_service,Santa Rosa,2
furniture_store,Santa Rosa,2
general_dentistry,Santa Rosa,2
gym,Healdsburg,2
hair_salon,Cotati,2
home_cleaning,Windsor,2
home_cleaning,Santa Rosa,2
interior_design,Santa Rosa,2
japanese_restaurant,Santa Rosa,2
landscaping,Windsor,2
lawyer,Santa Rosa,2
massage_therapy,Rohnert Park,2
massage_therapy,Sebastopol,2
nail_salon,Sebastopol,2
pediatric_dentist,Santa Rosa,2
pet_groomer,Windsor,2
pet_groomer,Sebastopol,2
pizza_restaurant,Cotati,2
preschool,Sebastopol,2
pub,Healdsburg,2
real_estate_agent,Healdsburg,2
restaurant_equipment_and_supply,Santa Rosa,2
retirement_home,Rohnert Park,2
skin_care,Santa Rosa,2
spas,Santa Rosa,2
spas,Sebastopol,2
tattoo_and_piercing,Sebastopol,2
tutoring_center,Santa Rosa,2
vietnamese_restaurant,Santa Rosa,2
wedding_planning,Rohnert Park,2
winery,Guerneville,2
winery,Forestville,2
bankruptcy_law,Santa Rosa,2
carpet_cleaning,Santa Rosa,2
carpet_store,Rohnert Park,2
chinese_restaurant,Santa Rosa,2
divorce_and_family_law,Santa Rosa,2
florist,Santa Rosa,2
home_cleaning,Rohnert Park,2
hvac_services,Rohnert Park,2
mens_clothing_store,Santa Rosa,2
plumbing,Healdsburg,2
auto_customization,Santa Rosa,2
community_center,Santa Rosa,2
dance_school,Santa Rosa,2
e_cigarette_store,Santa Rosa,2
farm,Fulton,2
financial_service,Rohnert Park,2
ice_cream_shop,Healdsburg,2
industrial_equipment,Rohnert Park,2
insurance_agency,Rohnert Park,2
it_service_and_computer_repair,Santa Rosa,2
laundromat,Sebastopol,2
life_coach,Santa Rosa,2
metal_fabricator,Santa Rosa,2
pop_up_shop,Santa Rosa,2
printing_services,Rohnert Park,2
video_game_store,Rohnert Park,2
cinema,Santa Rosa,2
swimming_pool,Santa Rosa,2
urban_farm,Santa Rosa,2
campus_building,Santa Rosa,2
financial_service,Santa Rosa,2
pop_up_shop,Sebastopol,2
thrift_store,Sebastopol,2
dance_school,Rohnert Park,2
legal_services,Santa Rosa,2
printing_services,Santa Rosa,2
professional_services,Rohnert Park,2
social_service_organizations,Santa Rosa,2
rental_service,Santa Rosa,2
gardener,Santa Rosa,2
arts_and_entertainment,Santa Rosa,2
baseball_field,Rohnert Park,2
convenience_store,Santa Rosa,2
convenience_store,Monte Rio,2
doctor,Healdsburg,2
equestrian_facility,Santa Rosa,2
grocery_store,Sebastopol,2
grocery_store,Healdsburg,2
holiday_rental_home,Monte Rio,2
horse_trainer,Santa Rosa,2
laundromat,Healdsburg,2
liquor_store,Rohnert Park,2
livestock_breeder,Sebastopol,2
nursery_and_gardening,Santa Rosa,2
sports_and_recreation_venue,Windsor,2
gas_station,Santa Rosa,2
holiday_rental_home,The Sea Ranch,2
liquor_store,Sebastopol,2
school,Sebastopol,2
horse_boarding,Santa Rosa,2
professional_services,Windsor,2
real_estate,Healdsburg,2
weight_loss_center,Santa Rosa,2
candy_store,Windsor,2
private_investigation,Santa Rosa,2
advertising_agency,Santa Rosa,2
apartments,Healdsburg,2
asian_grocery_store,Santa Rosa,2
brake_service_and_repair,Santa Rosa,2
business_management_services,Santa Rosa,2
check_cashing_payday_loans,Windsor,2
computer_store,Santa Rosa,2
insulation_installation,Santa Rosa,2
janitorial_services,Rohnert Park,2
kitchen_and_bath,Santa Rosa,2
land_surveying,Healdsburg,2
land_surveying,Santa Rosa,2
marriage_or_relationship_counselor,Santa Rosa,2
resort,Healdsburg,2
sports_wear,Santa Rosa,2
toy_store,Santa Rosa,2
vocational_and_technical_school,Healdsburg,2
corporate_office,Santa Rosa,2
electronics,Rohnert Park,2
retail,Windsor,2
(uncategorized),SEBASTOPOL,2
(uncategorized),Guerneville,2
pentecostal_church,Santa Rosa,2
charity_organization,Santa Rosa,2
community_services_non_profits,Windsor,2
high_school,Santa Rosa,2
catholic_church,Santa Rosa,2
(uncategorized),Bodega Bay,2
baseball_field,Sebastopol,2
campground,Bodega Bay,2
campground,Santa Rosa,2
community_services_non_profits,Rohnert Park,2
public_school,Santa Rosa,2
school,Healdsburg,2
travel,Bodega Bay,2
