Score,Grade,Action,Business,Category,Value,Need,Channel,Owner,Email,Email status,Owner email,Phone,Website,Site quality,Facebook,Instagram,Address,City,Why
94,A,Email — site dead; premium value,Lysell Plumbing & Heating,contractor,premium,site dead,email+phone,,lespetersendrilling@comcast.net,valid,,+17075761334,http://lespetersendrilling.com,dead,https://www.facebook.com/lespetersendrillingandpump/,https://instagram.com/lespetersendrilling/,1809 Sansone Dr,Santa Rosa,site dead; premium category; email+phone; active social
94,A,Email — site dead; premium value,Guardian Roofing,roofing,premium,site dead,email+phone,,guardianroofllc@gmail.com,valid,,+17078433526,http://guardianroofllc.com/,dead,https://www.facebook.com/Guardian-Roofing-LLC-105685047753554/,,2210 Dennis Ln,Santa Rosa,site dead; premium category; email+phone; active social
94,A,Email — site dead; premium value,Schafer Electric,electrician,premium,site dead,email+phone,,schaferelectric@gmail.com,valid,,+17075453300,http://www.schaferelectric.com/,dead,https://www.facebook.com/schaferelectric/,,631 Rinaldo St,Santa Rosa,site dead; premium category; email+phone; active social
94,A,Email — site dead; premium value,Morpheus Medical Aesthetics,medical_spa,premium,site dead,email+phone,,beautybymorpheus@gmail.com,valid,,+17079217447,https://morpheusmedspa.com/,dead,https://www.facebook.com/MorpheusMedSpa,https://www.instagram.com/beautybymorpheus,2800 Cleveland Ave,Santa Rosa,site dead; premium category; email+phone; active social
94,A,Email — thin/placeholder site; premium value,Supplement Creams,cosmetic_and_beauty_supplies,premium,thin/placeholder site,email+phone,SupplementCreams LLC,sidneykurn@comcast.net,valid,sidneykurn@comcast.net,+17072928732,,thin,https://www.facebook.com/supplementcreams/,http://instagram.com/supplementcreams/,6575 Oakmont Dr  Ste 10,Santa Rosa,thin/placeholder site; premium category; email+phone; owner email; owner SupplementCreams LLC; active social
94,A,Email — site dead; premium value,Redwood Concrete Pumping,contractor,premium,site dead,email+phone,,redwoodconcretepump@sonic.net,valid,,+17075381206,http://www.redwoodconcretepumping.com,dead,https://www.facebook.com/RedwoodConcretePump,,1372 Los Alamos Rd,Santa Rosa,site dead; premium category; email+phone; active social
94,A,Email — site dead; premium value,"John Owens Services, Inc.",hvac_services,premium,site dead,email+phone,,leads.johnowensservices@gmail.com,valid,,+17072032517,https://www.johnowensservices.com/,dead,https://www.facebook.com/johnowensservicesinc/,https://www.instagram.com/johnowensservices/,3471 Regional Pkwy Ste C,Santa Rosa,site dead; premium category; email+phone; active social
94,A,Email — site dead; premium value,"Alec Nelson, DDS",dentist,premium,site dead,email+phone,,doc855@sbcglobal.net,valid,,+17075462829,http://fountaingrovedental.com/contact-dentist-in-santa-rosa/,dead,https://www.facebook.com/pages/Alec-C-Nelson-DDS-PC/411216205571166,,855 Fountaingrove Pkwy,Santa Rosa,site dead; premium category; email+phone; active social
93,A,Email — thin/placeholder site; premium value,BRM Builders,contractor,premium,thin/placeholder site,email+phone,Christian Andersen,chris@brmbuild.com,valid,chris@brmbuild.com,+17074816228,http://brmbuild.com/,thin,,,1851 Piner Rd,Santa Rosa,thin/placeholder site; premium category; email+phone; owner email; owner Christian Andersen
92,A,Email — NO website; premium value,Gonnella Carpet Installation,contractor,premium,NO website,email+phone,,marygonnella@sbcglobal.net,valid,,+17075287636,,,,,1315 Hahman Dr,Santa Rosa,NO website; premium category; email+phone
92,A,Email — NO website; premium value,Best Chance Heating and Cooling,hvac_services,premium,NO website,email+phone,,bestchancehvac@gmail.com,valid,,+17073369800,https://maps.google.com/?cid=9288375200146635502,,,,2967 Coors Ct,Santa Rosa,NO website; premium category; email+phone
92,A,Email — NO website; premium value,Chau Norman DDS,general_dentistry,premium,NO website,email+phone,,normanchaudds1@gmail.com,valid,,+17075444818,,,,,2921 Cleveland Ave,Santa Rosa,NO website; premium category; email+phone
92,A,Email — NO website; premium value,Facciano HVAC and Sheet Metal,hvac_services,premium,NO website,email+phone,,tony@faccianohvac.com,valid,,+17075401250,,,,,2175 Bluebell Dr,Santa Rosa,NO website; premium category; email+phone
92,A,Email — NO website; premium value,California State Insulation,contractor,premium,NO website,email+phone,,calstate707@gmail.com,valid,,+17075463177,,,,,1244 Tapadera Dr,Santa Rosa,NO website; premium category; email+phone
92,A,Email — NO website; premium value,Aesthetics Office Inc,medical_spa,premium,NO website,email+phone,,nursenancie1@gmail.com,valid,,+17075778888,https://linktr.ee/aestheticsofficeinc,,,,648 Larkfield Ctr,Santa Rosa,NO website; premium category; email+phone
92,A,Email — NO website; premium value,EnVision Beauty LLC,medical_spa,premium,NO website,email+phone,,envision_beauty@yahoo.com,valid,,+17074907277,,,,,884 3rd St,Santa Rosa,NO website; premium category; email+phone
92,A,Email — NO website; premium value,Kaya Jade Aesthetics,medical_spa,premium,NO website,email+phone,,skinbykaya@gmail.com,valid,,+17076714633,https://linktr.ee/skinbykaya,,,,1116 Mendocino Ave,Santa Rosa,NO website; premium category; email+phone
91,A,Email — site dead; premium value,Jeffrey B Templin DDS,dentist,premium,site dead,email+phone,,jbtemplindds@comcast.net,valid,,+18442139508,https://local.intuit.com/b/jeffreybtemplindds,dead,,,65 St James Dr,Santa Rosa,site dead; premium category; email+phone
91,A,Email — site dead; premium value,Scott Benstock,dentist,premium,site dead,email+phone,,doctor@benstockdentalcare.com,valid,,+17078235339,http://www.benstockdentalcare.com/,dead,,,652 Petaluma Ave,Sebastopol,site dead; premium category; email+phone
91,A,Email — site dead; premium value,"Gerald E. Dixon and Scott E. Dixon, DDS",dentist,premium,site dead,email+phone,,dixondentistry@gmail.com,valid,,+17078238529,http://www.geralddixondds.com/,dead,,,6800 Palm Ave,Sebastopol,site dead; premium category; email+phone
91,A,Email — site dead; premium value,Miguel's Painting,contractor,premium,site dead,email+phone,,miguelspaintingcompany@yahoo.com,valid,,+17078887174,http://www.moondancepainting.com,dead,,,3545 Moorland Ave,Santa Rosa,site dead; premium category; email+phone
91,A,Email — site dead; premium value,Comet Construction,contractor,premium,site dead,email+phone,,cometconstruction@sbcglobal.net,valid,,+17075784506,http://cometconstructioninc.com,dead,,,3011 Manning Ct,Santa Rosa,site dead; premium category; email+phone
91,A,Email — site dead; premium value,Five Star Cooling,hvac_services,premium,site dead,email+phone,,ricokst@outlook.com,valid,,+17072006993,http://www.airconditioningsantarosaca.com/,dead,,,3161 Coffey Ln,Santa Rosa,site dead; premium category; email+phone
91,A,Email — site dead; premium value,Leslie Jue DDS,cosmetic_dentist,premium,site dead,email+phone,,jueinfo@sonic.net,valid,,+17075371904,https://www.socodentalstudio.com/,dead,,,55 Mission Cir,Santa Rosa,site dead; premium category; email+phone
91,A,Email — site dead; premium value,SRJC Dental Hygiene Clinic,dentist,premium,site dead,email+phone,,aemerson@santarosa.edu,valid,,+17075222844,https://dentalprograms.santarosa.edu/information,dead,,,1501 Mendocino Ave,Santa Rosa,site dead; premium category; email+phone
91,A,Email — site dead; premium value,Landeros & Associates Family & Cosmetic Dentistry,dentist,premium,site dead,email+phone,,drlukelanderos@emaildds.com,valid,,+17077020594,https://www.mysantarosadentist.com/,dead,,,2448 Guerneville Rd,Santa Rosa,site dead; premium category; email+phone
91,A,Email — site dead; premium value,Merciari Construction Design,contractor,premium,site dead,email+phone,,merciariconstructiondesign@gmail.com,valid,,+17074776174,http://www.merciaridesign.com/,dead,,,887 Sebastopol Rd,Santa Rosa,site dead; premium category; email+phone
91,A,Email — site dead; premium value,Wide Open Concrete Pumping,contractor,premium,site dead,email+phone,,wideopen2011@hotmail.com,valid,,+17079749463,http://wideopenconcretepumping.com/santa-rosa-concrete-pumping-services,dead,,,297 Anteeo Way,Santa Rosa,site dead; premium category; email+phone
91,A,Email — site dead; premium value,Lowes Electric,electrician,premium,site dead,email+phone,,loweselectric@socialmedianinjas.com,valid,,+17075846565,http://loweselectrician.com/,dead,,,3721 Santa Rosa Ave,Santa Rosa,site dead; premium category; email+phone
91,A,Email — site dead; premium value,Ecolux Home Services,hvac_services,premium,site dead,email+phone,,vince.r@ecoluxhomeservices.com,valid,,+17078897484,http://www.EcoluxHomeServices.com/,dead,,,284 Scenic Ave,Santa Rosa,site dead; premium category; email+phone
91,A,Email — site dead; premium value,Alpha Omega Builders  LIC# 647675 - Since 1992,contractor,premium,site dead,email+phone,,alphaomegabuild@aol.com,valid,,+17079742048,http://alphaomegabuildersca.com/,dead,,,4485 Hargrave Ave,Santa Rosa,site dead; premium category; email+phone
91,A,Email — site dead; premium value,ORourke Electric Inc,electrician,premium,site dead,email+phone,,dan@orourke-electric.com,valid,,+17075288539,http://www.orourke-electric.com/,dead,,,3347 Industrial Dr,Santa Rosa,site dead; premium category; email+phone
91,A,Email — site dead; premium value,Darren Gonzalez,dentist,premium,site dead,email+phone,,darrengonzalezdds@gmail.com,valid,,+17075421532,https://www.darrengonzalezdds.com/,dead,,,1515 Montgomery Dr,Santa Rosa,site dead; premium category; email+phone
91,A,Email — site dead; premium value,Dave Poulson's Excavating,contractor,premium,site dead,email+phone,,dpexcavating@yahoo.com,valid,,+17075261462,https://www.dpexc.com,dead,,,620 Clover Dr,Santa Rosa,site dead; premium category; email+phone
91,A,Email — site dead; premium value,Lash Out Proefessional Eyelash,cosmetic_and_beauty_supplies,premium,site dead,email+phone,,whitney@lashoutpro.com,valid,,+17074953894,http://www.lashoutsantarosa.com,dead,,,525 4th St Ste B,Santa Rosa,site dead; premium category; email+phone
91,A,Email — site dead; premium value,Bryan Bowen,dentist,premium,site dead,email+phone,,bryanwbowen@gmail.com,valid,,+17073210836,http://www.bryanwbowen.com/,dead,,,6741 Sebastopol Ave,Sebastopol,site dead; premium category; email+phone
91,A,Email — site dead; premium value,Barone Janitorial Service,flooring_contractors,premium,site dead,email+phone,,baronejanitorial@comcast.net,valid,,+17075455402,http://www.baronejanitorial.com,dead,,,3519 Plantain Ct,Santa Rosa,site dead; premium category; email+phone
91,A,Email — site dead; premium value,Thomas Ayurveda,chiropractor,premium,site dead,email+phone,,drst@sonic.net,valid,,+17075277313,http://www.DrHelenMaryThomasDC.com/,dead,,,2880 Cleveland Ave,Santa Rosa,site dead; premium category; email+phone
91,A,Email — site dead; premium value,Discount Backhoe,contractor,premium,site dead,email+phone,,4dewitts@att.net,valid,,+17075702627,http://www.discountbackhoe.com,dead,,,1169 Wild Rose Dr,Santa Rosa,site dead; premium category; email+phone
91,A,Email — site dead; premium value,Daniel Sullivan,cosmetic_dentist,premium,site dead,email+phone,,dansullivandds@yahoo.com,valid,,+17075455260,http://santarosacosmetic.dentist/,dead,,,4655 Hoen Ave,Santa Rosa,site dead; premium category; email+phone
91,A,Email — site dead; premium value,Kevin T. Jeffers D.D.S,dentist,premium,site dead,email+phone,,jeffersdds@gmail.com,valid,,+17075286343,http://www.jeffersdentistry.com/,dead,,,1820 Sonoma Ave,Santa Rosa,site dead; premium category; email+phone
91,A,Email — site dead; premium value,Redwood Coast Dental,general_dentistry,premium,site dead,email+phone,,redwoodcoastdental@gmail.com,valid,,+17075286797,http://www.redwoodcoastdental.com/,dead,,,1144 Sonoma Ave,Santa Rosa,site dead; premium category; email+phone
91,A,Email — site dead; premium value,Quality Wallcovering,contractor,premium,site dead,email+phone,,g-d@pakmail.org,valid,,+17075271727,http://qualitywall.com/,dead,,,1535 Farmers Ln,Santa Rosa,site dead; premium category; email+phone
91,A,Email — site dead; premium value,Soleil Solar,electrician,premium,site dead,email+phone,,soleilengineering@gmail.com,valid,,+17073212937,http://soleilsolar.com/,dead,,,3928 New Zealand Ave,Santa Rosa,site dead; premium category; email+phone
91,A,Email — site dead; premium value,Azevedo Construction,contractor,premium,site dead,email+phone,,ceasarazevedo@sbcglobal.net,valid,,+17073961083,http://www.ceasarazevedoconstruction.com/,dead,,,625 Nathan Ln,Santa Rosa,site dead; premium category; email+phone
91,A,Email — site dead; premium value,Oak Tree Dental,dentist,premium,site dead,email+phone,,oaktreedentalsebastopol@gmail.com,valid,,+17078231029,http://oaktreedentalsebastopol.com/,dead,,,220 Petaluma Ave,Sebastopol,site dead; premium category; email+phone
91,A,Email — site dead; premium value,Gaitan Plastering,contractor,premium,site dead,email+phone,,tidalwavepoolandspa@gmail.com,valid,,+17075669118,http://www.gaitanplastering.com,dead,,,3237 Santa Rosa Ave,Santa Rosa,site dead; premium category; email+phone
91,A,Email — site dead; premium value,West Coast Construction,paving_contractor,premium,site dead,email+phone,,stanley.tina@icloud.com,valid,,+17073600017,http://www.westcoastconstructionsp.com/,dead,,,288 Scenic Ave,Santa-Rosa,site dead; premium category; email+phone
91,A,Email — site dead; premium value,Home Run Delivery Systems,contractor,premium,site dead,email+phone,,homerundelivery@comcast.net,valid,,+17073265464,http://homerundel.com,dead,,,4921 Pinecroft Way,Santa Rosa,site dead; premium category; email+phone
91,A,Email — site dead; premium value,Roofmaster,contractor,premium,site dead,email+phone,,frwebster@msn.com,valid,,+17075399739,http://www.roofingsantarosa.com,dead,,,1104 Calistoga Rd,Santa Rosa,site dead; premium category; email+phone
91,A,Email — site dead; premium value,Ortiz Custom Builders,contractor,premium,site dead,email+phone,,ortizcustombuildersinc@gmail.com,valid,,+17077032409,https://www.ortizcustombuilder.com/,dead,,,613 4th St,Santa Rosa,site dead; premium category; email+phone
91,A,Email — site dead; premium value,Construction and Development Solutions Inc.,contractor,premium,site dead,email+phone,,del@cds-inc.net,valid,,+17074845338,http://delnordby.com/contact/,dead,,,50 Santa Rosa Ave,Santa Rosa,site dead; premium category; email+phone
91,A,Email — site dead; premium value,Impulse Life Chiropractic,chiropractor,premium,site dead,email+phone,,impulselifechiropractic@gmail.com,valid,,+17078063989,https://impulselifechiropractic.janeapp.com/locations/impulse-life-chiropractic/book?hl=en-US&gei=zR9naZpYx9SQ8g_EgpyQDQ&rwg_token=AFd1xnFvMbsk4QJ2ay0TTYCe-49hjXsQvJR8N3sYYOjTH1RkDMLl44VPp4CbjSxLs40Posp6ZzyBSUd_2RsAy2UvmmalbAj9FQ%3D%3D#/staff_member/1/bio,dead,,,7765 Healdsburg Ave,Sebastopol,site dead; premium category; email+phone
91,A,Email — site dead; premium value,Mom's Way Cleaning,contractor,premium,site dead,email+phone,,momswayonly@gmail.com,valid,,+17073312924,http://www.momswaycleaning.com,dead,,,2942 Apache St,Santa Rosa,site dead; premium category; email+phone
91,A,Email — site dead; premium value,Atlas Heating and Air Conditioning,hvac_services,premium,site dead,email+phone,,atlashvac@yahoo.com,valid,,+17075717522,http://www.atlasheatingandairconditioninginc.com,dead,,,560 Silva Ave,Santa Rosa,site dead; premium category; email+phone
91,A,Email — site dead; premium value,A Rocky Road,bathroom_remodeling,premium,site dead,email+phone,,arockyrd@sonic.net,valid,,+17075262553,http://www.arockyroad.com,dead,,,339 S E St Ste 5,Santa Rosa,site dead; premium category; email+phone
91,A,Email — site dead; premium value,Dental Design Studio Inc,dentist,premium,site dead,email+phone,,dds1lab@aol.com,valid,,+17075687680,http://www.ddslabs.com/,dead,,,2312 Bethards Dr,Santa Rosa,site dead; premium category; email+phone
91,A,Email — site dead; premium value,Mick's Door Shop,contractor,premium,site dead,email+phone,,mixdoors@yahoo.com,valid,,+17075753810,http://www.micksdoorshopsantarosaca.com/,dead,,,2900 Llano Rd,Santa Rosa,site dead; premium category; email+phone
91,A,Email — site dead; premium value,Steven C Wilburn DMD,dentist,premium,site dead,email+phone,,staff@stevewilburndmd.com,valid,,+17075422881,http://stevewilburndmd.com/,dead,,,4755 Hoen Ave,Santa Rosa,site dead; premium category; email+phone
91,A,Email — site dead; premium value,James Electric,electrician,premium,site dead,email+phone,,jameselectric2003@yahoo.com,valid,,+17075794386,http://www.jameselectric.webs.com,dead,,,795 Farmers Ln Ste 20,Santa Rosa,site dead; premium category; email+phone
91,A,Email — site dead; premium value,Sonoma County Oral Surgery & Dental Implant Center,dentist,premium,site dead,email+phone,,sonomacountyos@gmail.com,valid,,+17075667300,https://www.sonomacountyoralsurgery.com,dead,,,1460 Farmers Ln,Santa Rosa,site dead; premium category; email+phone
91,A,Email — site dead; premium value,Debra J Araujo DDS,dentist,premium,site dead,email+phone,,debrajaraujodds@gmail.com,valid,,+17075754450,http://www.djaraujodds.com/,dead,,,1206 Farmers Ln,Santa Rosa,site dead; premium category; email+phone
91,A,Email — site dead; premium value,"Westerberg Linnea, DDS",dentist,premium,site dead,email+phone,,linneawesterberg1@gmail.com,valid,,+17075717890,http://www.westerbergdds.com/,dead,,,990 Sonoma Ave,Santa Rosa,site dead; premium category; email+phone
91,A,Email — site dead; premium value,Alternative Roofing Solutions,contractor,premium,site dead,email+phone,,arsroofinggutters@gmail.com,valid,,+17075212104,http://www.arsroofing.com,dead,,,3327 McMaude Pl,Santa Rosa,site dead; premium category; email+phone
91,A,Email — site dead; premium value,Pimentel Paving Inc.,paving_contractor,premium,site dead,email+phone,,pimentelpaving@gmail.com,valid,,+17075888402,https://pimentelpaving.com/,dead,,,3647 Melcon Ln,Santa Rosa,site dead; premium category; email+phone
91,A,Email — thin/placeholder site; premium value,Steele Electric,electrician,premium,thin/placeholder site,email+phone,Founder Daniel Steele,steeleelectric@comcast.net,valid,,+17073184917,,thin,http://facebook.com/electricsteele,https://www.instagram.com/steeleelectric/,5036 Gregory Ct,Santa Rosa,thin/placeholder site; premium category; email+phone; owner Founder Daniel Steele; active social
91,A,Email — site dead; premium value,Avila Electric,electrician,premium,site dead,email+phone,,sal@avilaelectricinc.com,valid,,+17078435557,http://avilaelectricinc.com/,dead,,,880 Piner Rd,Santa Rosa,site dead; premium category; email+phone
91,A,Email — site dead; premium value,R A Nielsen & Sons,contractor,premium,site dead,email+phone,,ranielsen@comcast.net,valid,,+17075422298,http://www.ranielsen-sons.com,dead,,,909 Clark St,Santa Rosa,site dead; premium category; email+phone
91,A,Email — site dead; premium value,Animal Kingdom Veterinary Hospital,veterinarian,premium,site dead,email+phone,,animalkingdomveterinaryhospital@yahoo.com,valid,,+17078235337,http://www.animalkingdomvh.com/,dead,,,6742 Sebastopol Ave,Sebastopol,site dead; premium category; email+phone
91,A,Email — site dead; premium value,Just-in Time Plumbing & Heating,hvac_services,premium,site dead,email+phone,,ilovejustintimeph@gmail.com,valid,,+17078242837,http://www.just-intimeplumbingandheating.com/,dead,,,2011 Cooper Rd,Sebastopol,site dead; premium category; email+phone
91,A,Email — site dead; premium value,Empire Equine,veterinarian,premium,site dead,email+phone,,empireequine@comcast.net,valid,,+17075453909,https://www.empirequine.com/,dead,,,2318 Olivet Ln,Santa Rosa,site dead; premium category; email+phone
91,A,Email — site dead; premium value,Diaz and Sons Construction,contractor,premium,site dead,email+phone,,leo@handymansantarosa.com,valid,,+17075280693,http://www.handymansantarosa.com/,dead,,,3320 Magowan Dr,Santa Rosa,site dead; premium category; email+phone
91,A,Email — site dead; premium value,Sunshine Body Sculpting,medical_spa,premium,site dead,email+phone,,sunshinebodystudio24@gmail.com,valid,,+17073842662,http://sunshinebodysculpting.glossgenius.com/,dead,,,1071 Santa Rosa Plaza,Santa Rosa,site dead; premium category; email+phone
91,A,Email — site dead; premium value,Shawn's Paving Services,contractor,premium,site dead,email+phone,,shawnspaving@yahoo.com,valid,,+17075960859,https://www.shawnspaving.com/,dead,,,220 Burt St,Santa Rosa,site dead; premium category; email+phone
91,A,Email — site dead; premium value,D B Baker Construction,contractor,premium,site dead,email+phone,,dalebakerconst@att.net,valid,,+17075918955,https://dbbakerconstruction.com,dead,,,3200 Dutton Ave Ste 216,Santa Rosa,site dead; premium category; email+phone
89,A,Email — thin/placeholder site; premium value,"Oloph K Granath, DDS",dentist,premium,thin/placeholder site,email+phone,,patientinfo@stunningsmiles.com,valid,,+17075289411,http://www.stunningsmiles.com,thin,https://www.facebook.com/profile.php?id=100089486299551,,2345 4th St,Santa Rosa,thin/placeholder site; premium category; email+phone; active social
89,A,Email — thin/placeholder site; premium value,Paragon Power LLC,electrician,premium,thin/placeholder site,email+phone,,paragonpowerllc@proton.me,valid,,+17076969658,http://paragonpower.us/,thin,,https://www.instagram.com/paragonpowerllc/,1821 Sansone Dr,Santa Rosa,thin/placeholder site; premium category; email+phone; active social
89,A,Email — site dead; premium value,Tri County Concrete Pumping,contractor,premium,site dead,email+phone,,info@dennisgroveconcretepumping.com,unknown,,+17075687525,https://www.dennisgroveconcretepumping.com,dead,https://www.facebook.com/DGPPumping/,,2288 Francisco Ave,Santa Rosa,site dead; premium category; email+phone; active social
89,A,Email — site dead; premium value,Liu Family Dental Care,dentist,premium,site dead,email+phone,,frontdesk@phillipsfamilydentalcare.com,unknown,,+17075421026,http://www.phillipsfamilydentalcare.com,dead,https://www.facebook.com/profile.php?id=61576155855001&mibextid=wwXIfr&mibextid=wwXIfr,,2655 Cleveland Ave,Santa Rosa,site dead; premium category; email+phone; active social
89,A,Email — thin/placeholder site; premium value,Rea roofing inc,contractor,premium,thin/placeholder site,email+phone,,rearoofin84@gmail.com,valid,,+17073320081,,thin,https://www.facebook.com/hover,https://www.instagram.com/hover_domains,998 San Clemente Dr,Santa Rosa,thin/placeholder site; premium category; email+phone; active social
89,A,Email — thin/placeholder site; premium value,Smile Country Dental,general_dentistry,premium,thin/placeholder site,email+phone,,forms@smilecountrydental.com,valid,,+17075783118,https://www.smilecountrydental.com/,thin,https://www.facebook.com/scdnapa,https://www.instagram.com/scdnapa/,140 Stony Point Rd,Santa Rosa,thin/placeholder site; premium category; email+phone; active social
89,A,Email — thin/placeholder site; premium value,Rubio's,veterinarian,premium,thin/placeholder site,email+phone,,fundraiser@rubios.com,valid,,+17075463267,,thin,https://www.facebook.com/rubioscoastalgrill,https://www.instagram.com/rubioscoastalgrill/,1016 Santa Rosa Plz,Santa Rosa,thin/placeholder site; premium category; email+phone; active social
89,A,Email — thin/placeholder site; premium value,Cascade Family Dental,dentist,premium,thin/placeholder site,email+phone,,medinaolivadental@gmail.com,valid,,+17079876410,http://www.cascadedentalsantarosa.com/,thin,https://www.facebook.com/people/Cascade-Family-Dental/100063505212533/,,925 Corporate Center Pkwy,Santa Rosa,thin/placeholder site; premium category; email+phone; active social
89,A,Email — thin/placeholder site; premium value,Aleman Concrete,contractor,premium,thin/placeholder site,email+phone,,dougaleman@yahoo.com,valid,,+17077751497,http://alemanconcreteconstruction.com/,thin,https://www.facebook.com/p/Aleman-Concrete-100069462286617/,,5023 Algiers Ave,Santa Rosa,thin/placeholder site; premium category; email+phone; active social
89,A,Email — site dead; premium value,Northtown Guardian Pet Hospital,veterinarian,premium,site dead,email+phone,,clientservices@ngpethospital.com,unknown,,+17075466355,https://ngpethospital.com/,dead,https://www.facebook.com/NorthtownAnimalHospital/,,3881 Old Redwood Hwy,Santa Rosa,site dead; premium category; email+phone; active social
89,A,Email — thin/placeholder site; premium value,"Karimeh Shehadeh, DDS",pediatric_dentist,premium,thin/placeholder site,email+phone,,oaktreedentalstaff@gmail.com,valid,,+17078231029,https://oaktreedentalsebastopol.com/dr-karimeh-shehadeh/,thin,https://www.facebook.com/oaktreedentalsebastopol/,https://www.instagram.com/oaktreedental_sebastopol/,220 Petaluma Ave Ste d,Sebastopol,thin/placeholder site; premium category; email+phone; active social
89,A,Email — thin/placeholder site; premium value,Vital Energy Solutions,electrician,premium,thin/placeholder site,email+phone,,power@vitalenergysolar.com,valid,,+17078003884,https://www.vitalenergysolar.com/,thin,https://www.facebook.com/vitalenergysolar,https://www.instagram.com/vitalenergysolutions/,"7064 Corline Court, Building B",Sebastopol,thin/placeholder site; premium category; email+phone; active social
89,A,Email — thin/placeholder site; premium value,Empower Digital Dental,dentist,premium,thin/placeholder site,email+phone,,empowerdigitaldental@icloud.com,valid,,+17075783077,http://www.empowerdigitaldental.com/,thin,,https://www.instagram.com/empowerdigitaldental/,90 Doctors Park Dr,Santa Rosa,thin/placeholder site; premium category; email+phone; active social
89,A,Email — thin/placeholder site; premium value,Lux Aeterna Aesthetics,medical_spa,premium,thin/placeholder site,email+phone,,luxaeternamedspa@gmail.com,valid,,+17077750526,https://luxaeternamedspa.com/,thin,,https://www.instagram.com/luxaeternaaesthetics/,10 4th St,Santa Rosa,thin/placeholder site; premium category; email+phone; active social
89,A,Email — thin/placeholder site; premium value,Live Fully Integrative Chiropractic,chiropractor,premium,thin/placeholder site,email+phone,,livefullychiropractic@gmail.com,valid,,+17072003194,http://www.LiveFullyChiropractic.com/,thin,,https://www.instagram.com/livefully_integrativechiro,1540 Gravenstein Hwy S,Sebastopol,thin/placeholder site; premium category; email+phone; active social
89,A,Email — thin/placeholder site; premium value,Bright Care Dental Practice,dentist,premium,thin/placeholder site,email+phone,,brightcaredental@gmail.com,valid,,+17075783776,http://alavidentistry.com,thin,https://www.facebook.com/pages/Alavi-Dentistry/142603079264459,,1420 Guerneville Rd #2,Santa Rosa,thin/placeholder site; premium category; email+phone; active social
89,A,Email — thin/placeholder site; premium value,Stunning Smiles,dentist,premium,thin/placeholder site,email+phone,,drattri@stunningsmiles.com,valid,,+17076255653,http://www.stunningsmiles.com/,thin,https://www.facebook.com/profile.php?id=100089486299551,,2345 4th St,Santa Rosa,thin/placeholder site; premium category; email+phone; active social
89,A,Email — thin/placeholder site; premium value,Assign Family Dental Group,dentist,premium,thin/placeholder site,email+phone,,dr.haniassigndental@gmail.com,valid,,+17075751900,https://www.assigndentalgroup.com/,thin,https://www.facebook.com/people/Assign-Dental-Group/61558330303486/,,233 Farmers Ln,Santa Rosa,thin/placeholder site; premium category; email+phone; active social
89,A,Email — thin/placeholder site; premium value,"Nicole Le, DDS & John Savko, DDS",dentist,premium,thin/placeholder site,email+phone,,lesavko@sonic.net,valid,,+17075393999,http://www.lesavkodental.com/,thin,https://www.facebook.com/Nicole-Le-DDS-John-Savko-DDS-288534236780,,615 North St,Santa Rosa,thin/placeholder site; premium category; email+phone; active social
89,A,Email — site dead; premium value,Rodrigo Valencia Tile | Santa Rosa CA,contractor,premium,site dead,email+phone,,rodrigo@rvalenciatile.com,unknown,,+17072171091,http://rvalenciatile.com/,dead,https://www.facebook.com/Rodrigo-Valencia-Tile-577271895707663/,https://www.instagram.com/rodrigovalenciatile/,3510 Industrial Dr,Santa Rosa,site dead; premium category; email+phone; active social
89,A,Email — site dead; premium value,Renew Science,medical_spa,premium,site dead,email+phone,,nayabarretto@renewsci.com,unknown,,+17078288440,https://renewsci.com/,dead,https://www.facebook.com/renewsciencenp,https://www.instagram.com/Renewscience_ca,194 Wikiup Dr,Santa Rosa,site dead; premium category; email+phone; active social
89,A,Email — site dead; premium value,Firebrand Electric,electrician,premium,site dead,email+phone,,info@fbssi.com,unknown,,+17073037270,http://www.firebrandelectric.com/,dead,https://www.facebook.com/FirebrandSafetySystems/,,3628 Airway Dr,Santa Rosa,site dead; premium category; email+phone; active social
89,A,Email — thin/placeholder site; premium value,Sean Wilson,dentist,premium,thin/placeholder site,email+phone,,email@seanwilsondds.com,valid,,+17075787424,http://www.seanwilsondds.com/,thin,https://www.facebook.com/SeanWilsonDDS/,https://www.instagram.com/seanwilsonddssantarosa/,98 Montgomery Dr,Santa Rosa,thin/placeholder site; premium category; email+phone; active social
89,A,Email — thin/placeholder site; premium value,Llanes Stacey DVM,veterinarian,premium,thin/placeholder site,email+phone,,frontoffice@redwoodvetclinic.com,valid,,+17075424012,http://redwoodvetclinic.com,thin,https://www.facebook.com/Redwood-Veterinary-Clinic-150614908303996/,,1946 Santa Rosa Ave,Santa Rosa,thin/placeholder site; premium category; email+phone; active social
89,A,Email — thin/placeholder site; premium value,Titan Roofing And Construction,roofing,premium,thin/placeholder site,email+phone,,abel@titanroofer.com,valid,,+17074958685,https://titanroofer.com/,thin,https://www.facebook.com/TitanRoofingandConstruction/,,4589 Arlington Ave,Santa Rosa,thin/placeholder site; premium category; email+phone; active social
89,A,Email — thin/placeholder site; premium value,Mark S. Frey,cosmetic_dentist,premium,thin/placeholder site,email+phone,,msfreydds@sbcglobal.net,valid,,+17078003556,https://www.santarosacosmeticdentist.com/,thin,https://www.facebook.com/SantaRosaFamilyDentist,,990 Sonoma Ave,Santa Rosa,thin/placeholder site; premium category; email+phone; active social
89,A,Email — site dead; premium value,Johnson Integrations,electrician,premium,site dead,email+phone,,info@johnsonintegrations.com,unknown,,+17077109960,http://www.johnsonintegrations.com/,dead,,https://www.instagram.com/johnson_integrations/?igsh=MzRlODBiNWFlZA%3D%3D,122 Calistoga Rd,Santa Rosa,site dead; premium category; email+phone; active social
89,A,Email — site dead; premium value,Phillips Family Dental Care,dentist,premium,site dead,email+phone,,frontdesk@phillipsfamilydentalcare.com,unknown,,+17075421026,http://www.phillipsfamilydentalcare.com,dead,https://www.facebook.com/profile.php?id=61576155855001&mibextid=wwXIfr&mibextid=wwXIfr,,2655 Cleveland Ave Ste B,Santa Rosa,site dead; premium category; email+phone; active social
89,A,Email — site dead; premium value,Zen-O2 Hyperbarics,medical_spa,premium,site dead,email+phone,,info@zen-o2.com,unknown,,+17079193183,http://WWW.ZEN-O2.COM/,dead,https://www.facebook.com/zenhbot,https://www.instagram.com/zen.oxygen/,2200 Range Ave,Santa Rosa,site dead; premium category; email+phone; active social
88,A,Email — thin/placeholder site; premium value,Point Pacific Drilling,contractor,premium,thin/placeholder site,email+phone,Rick Young,chris@pacificcoastdrilling.com,unknown,rick@pointpacificdrilling.com,+14154558249,https://pointpacificdrilling.com,thin,,,121 Lakeville St,Petaluma,thin/placeholder site; premium category; email+phone; owner email; owner Rick Young
88,A,Email — thin/placeholder site; premium value,Bernard's Interiors,building_contractor,premium,thin/placeholder site,email+phone,Ken Salyer,ahansen@bernards.com,valid,,+17075281855,https://www.bernards.com,thin,,,1808 Empire Industrial Ct Ste A,Santa Rosa,thin/placeholder site; premium category; email+phone; owner Ken Salyer
87,A,Email — site dead; solid value,Elevate Fitness,gym,solid,site dead,email+phone,,weelevatefitness@gmail.com,valid,,+17073326760,http://weelevatefitness.com/,dead,https://www.facebook.com/weelevatefitness/,,3451 Airway Dr,Santa Rosa,site dead; solid category; email+phone; active social
87,A,Email — site dead; solid value,WarPigs Craft Kitchen,barbecue_restaurant,solid,site dead,email+phone,,warpigsbbq@yahoo.com,valid,,+17075085551,http://bbqhustlers.squarespace.com/,dead,https://www.facebook.com/WarPigsBBQinCali,https://www.instagram.com/warpigsbbq/,8492 Gravenstein Hwy,Cotati,site dead; solid category; email+phone; active social
87,A,Email — site dead; solid value,Rincon Valley Auto Repair,automotive_repair,solid,site dead,email+phone,,rinconvalleyautorepair@gmail.com,valid,,+17077913960,https://rinconvalleyautorepair.com/,dead,,https://instagram.com/rinconvalleyautorepair/,4785 CA-12,Santa Rosa,site dead; solid category; email+phone; active social
87,A,Email — site dead; solid value,Ausiello's Homeslice,pizza_restaurant,solid,site dead,email+phone,,whatup@ausielloshomeslice.com,valid,,+17075953923,https://www.ausielloshomeslice.com/,dead,https://www.facebook.com/198727623313660,,5755 Mountain Hawk,Santa Rosa,site dead; solid category; email+phone; active social
87,A,Email — site dead; solid value,Hawaiian Grill & BBQ,hawaiian_restaurant,solid,site dead,email+phone,,hawaiiangrillbbq@gmail.com,valid,,+17072306228,https://hawaiiangrillbbq.com/,dead,https://www.facebook.com/hawaiiangrillbbq,https://www.instagram.com/hawaiiangrillbbq,342 Coddingtown Ctr,Santa Rosa,site dead; solid category; email+phone; active social
87,A,Email — site dead; solid value,Hair By Kristen Sanchez,beauty_and_spa,solid,site dead,email+phone,,kristen1sanchez@yahoo.com,valid,,+17076966840,http://www.platinumsalonsr.com,dead,https://www.facebook.com/platinumsalonbeautyboutique/,https://www.instagram.com/platinumsalonsr/,2112 Armory Dr,Santa Rosa,site dead; solid category; email+phone; active social
87,A,Email — site dead; solid value,Quick Sushi Santa Rosa,sushi_restaurant,solid,site dead,email+phone,,quicksushisr@gmail.com,valid,,+17078007428,https://www.doordash.com/store/quick-sushi-santa-rosa-santa-rosa-23027736/,dead,https://facebook.com/doordash,https://www.instagram.com/doordash,2500 Mendocino Ave,Santa Rosa,site dead; solid category; email+phone; active social
87,A,Email — NO website; premium value,Santa Rosa Pediatric Dentistry,pediatric_dentist,premium,NO website,email+phone,,info@santarosapediatricdentistry.com,risky,,+17075278509,https://linktr.ee/santarosapediatricdentistry,,,,515 Farmers Ln,Santa Rosa,NO website; premium category; email+phone
87,A,Email — site dead; solid value,Solstice Senior Living at Santa Rosa,retirement_home,solid,site dead,email+phone,,santarosadsm@solsticeseniorliving.com,valid,,+17075788400,https://solsticeseniorlivingsantarosa.com/,dead,https://www.facebook.com/SolsticeSeniorLivingSantaRosa/,,3585 Round Barn Blvd,Santa Rosa,site dead; solid category; email+phone; active social
87,A,Email — site dead; solid value,Bungalow Five beauty,day_spa,solid,site dead,email+phone,,bungalowfivebeauty@gmail.com,valid,,+17077743582,http://heatherfunk.glossgenius.com/,dead,,https://www.instagram.com/bungalow_five_beauty,1955 Cleveland Ave,Santa Rosa,site dead; solid category; email+phone; active social
87,A,Email — site dead; solid value,Ortega's Market,mexican_restaurant,solid,site dead,email+phone,,omao777@yahoo.com,valid,,+17075279100,http://www.ortegasmarket.com,dead,https://www.facebook.com/profile.php?id=61571719203865&#038;mibextid=wwXIfr&#038;mibextid=wwXIfr,https://www.instagram.com/ortegasmarket1/,1331 Guerneville Rd,Santa Rosa,site dead; solid category; email+phone; active social
87,A,Email — site dead; solid value,Baan Thai Restaurant,thai_restaurant,solid,site dead,email+phone,,pom907@hotmail.com,valid,,+17078437218,http://Baanthaisantarosa.com/,dead,https://www.facebook.com/thaiatsac/,https://www.instagram.com/thaiatsac,424 Larkfield Ctr,Santa Rosa,site dead; solid category; email+phone; active social
87,A,Email — site dead; solid value,California Tire and Wheel,tire_dealer_and_repair,solid,site dead,email+phone,,caltiresandwheels@gmail.com,valid,,+17075260786,https://www.catireandwheel.com/,dead,https://www.facebook.com/California-Tires-and-Wheels-300044977194538/,,1755 Piner Rd,Santa Rosa,site dead; solid category; email+phone; active social
87,A,Email — site dead; solid value,Thai House Noodle Soup,thai_restaurant,solid,site dead,email+phone,,thaihousenoodles@gmail.com,valid,,+17079783485,http://www.thaihousenoodles.com/,dead,https://www.facebook.com/orientalgardendenton/,https://www.instagram.com/orientalgardendenton/,1899 Mendocino Ave,Santa Rosa,site dead; solid category; email+phone; active social
87,A,Email — site dead; solid value,Kiraku Sushi & Ramen,japanese_restaurant,solid,site dead,email+phone,,ippinnsushi@gmail.com,valid,,+17078007699,http://www.ippinnsushi.com/,dead,https://facebook.com/PlazaIt/,https://www.instagram.com/plazait,1985 Mendocino Ave,Santa Rosa,site dead; solid category; email+phone; active social
86,A,Email — site dead; premium value,"John C. Robinson, DDS",dentist,premium,site dead,email+phone,,robinson@doctorbase.com,unknown,,+17073240111,http://www.johncrobinsondds.com/,dead,,,55 Mission Cir,Santa Rosa,site dead; premium category; email+phone
86,A,Email — site dead; premium value,Superior Supplies,contractor,premium,site dead,email+phone,,stephenie@superiorsupplies.net,unknown,,+17075467864,http://www.superiorsupplies.net/,dead,,,40 Ridgway Ave,Santa Rosa,site dead; premium category; email+phone
86,A,Email — site dead; premium value,REAL Aesthetic Medicine,medical_spa,premium,site dead,email+phone,,hello@realaestheticmed.com,risky,,+17074566005,http://realaestheticmed.com/,dead,,,2322 Midway Dr,Santa Rosa,site dead; premium category; email+phone
86,A,Email — site dead; premium value,Oakmont Dental,dentist,premium,site dead,email+phone,,info@oakmontdentist.com,risky,,+17075390336,http://www.oakmontdentist.com/,dead,,,6594 Stone Bridge Rd,Santa Rosa,site dead; premium category; email+phone
86,A,Email — site dead; premium value,Azmoudeh Kamran DDS,general_dentistry,premium,site dead,email+phone,,office@azmoudehdental.com,risky,,+17075761416,http://www.azmoudehdental.com/,dead,,,1200 Farmers Ln,Santa Rosa,site dead; premium category; email+phone
86,A,Email — site dead; premium value,Lance O'Connor Chiropractic,chiropractor,premium,site dead,email+phone,,lance@lanceoconnor.com,unknown,,+17075259111,http://www.lanceoconnor.com/,dead,,,900 Vallejo St,Santa Rosa,site dead; premium category; email+phone
86,A,Email — site dead; premium value,Gallery 41 Kitchen Bath & Design,contractor,premium,site dead,email+phone,,contact@gallery41design.com,unknown,,+17076156777,http://www.gallery41design.com/,dead,,,1064 Santa Rosa Ave,Santa Rosa,site dead; premium category; email+phone
86,A,Email — site dead; premium value,LEFF Design Build,contractor,premium,site dead,email+phone,,info@leffdesignbuild.com,risky,,+17078234899,https://www.leffdesignbuild.com/,dead,,,6791 Sebastopol Ave,Sebastopol,site dead; premium category; email+phone
86,A,Email — thin/placeholder site; premium value,Superior Deck Service,contractor,premium,thin/placeholder site,email+phone,,superiordecks@comcast.net,valid,,+17075889911,http://www.superiordecks.com,thin,,,3994 Petaluma Hill Rd,Santa Rosa,thin/placeholder site; premium category; email+phone
86,A,Email — thin/placeholder site; premium value,Curoso Plumbing Inc.,plumber,premium,thin/placeholder site,email+phone,,jimcuroso06@outlook.com,valid,,+17075455017,https://curosoplumbing.com/,thin,,,"1925 Fulton Road, Santa Rosa",Santa Rosa,thin/placeholder site; premium category; email+phone
86,A,Email — site dead; premium value,Hartman Chiropractic: Craig S. Hartman D.C.,chiropractor,premium,site dead,email+phone,,drhartman@hartmandc.com,unknown,,+17075264415,http://hartman-chiropractic.com,dead,,,2230 Professional Dr,Santa Rosa,site dead; premium category; email+phone
86,A,Email — site dead; premium value,Comfort Response Team,hvac_services,premium,site dead,email+phone,,service@comfortresponseteam.com,risky,,+17079796636,http://www.comfortresponseteam.com/,dead,,,1350 Central Ave,Santa Rosa,site dead; premium category; email+phone
86,A,Email — site dead; premium value,Doyle Robert Construction,contractor,premium,site dead,email+phone,,info@bbbemail.org,risky,,+17075461287,http://www.cslb.ca.gov,dead,,,3471 Spring Creek Dr,Santa Rosa,site dead; premium category; email+phone
86,A,Email — site dead; premium value,Kutz Construction,contractor,premium,site dead,email+phone,,craig@calcbs.com,unknown,,+17075758335,http://kutzfarm.com,dead,,,234 Juanita Ct,Santa Rosa,site dead; premium category; email+phone
86,A,Email — site dead; premium value,Advanced Power Solutions,contractor,premium,site dead,email+phone,,dave@advancedpowersolutions.net,unknown,,+17075425387,http://advancedpowersolution.com/,dead,,,112 Commercial Ct,Santa Rosa,site dead; premium category; email+phone
86,A,Email — site dead; premium value,Air Duct Cleaning Solutions,contractor,premium,site dead,email+phone,,jose@airductcleaningsolutions.com,unknown,,+17075232728,http://www.cleanerhomeair.com,dead,,,1954 Barndance Ln,Santa Rosa,site dead; premium category; email+phone
86,A,Email — site dead; premium value,Affordable Animal Clinic,veterinarian,premium,site dead,email+phone,,info@animalkindvet.com,unknown,,+17075848273,http://www.affordableanimalclinicsantarosa.com,dead,,,4122 S Moorland Ave,Santa Rosa,site dead; premium category; email+phone
86,A,Email — thin/placeholder site; premium value,Your Family Dentist,dentist,premium,thin/placeholder site,email+phone,,clocktowercare@gmail.com,valid,,+17075445700,https://www.yourfamilydentistsantarosa.com,thin,,,2135 Armory Dr,Santa Rosa,thin/placeholder site; premium category; email+phone
86,A,Email — thin/placeholder site; premium value,Total Care Chiropractic,chiropractor,premium,thin/placeholder site,email+phone,,request.tcc@proton.me,valid,,+17075452105,,thin,,,1203 4th St,Santa Rosa,thin/placeholder site; premium category; email+phone
86,A,Email — thin/placeholder site; premium value,Jessica Friedman,medical_spa,premium,thin/placeholder site,email+phone,,jfriedmanrn@hotmail.com,valid,,+17075778292,http://jessicafriedmanrn.com/,thin,,,1002 Mendocino Ave,Santa Rosa,thin/placeholder site; premium category; email+phone
86,A,Email — thin/placeholder site; premium value,Preferred Dental Care,dentist,premium,thin/placeholder site,email+phone,,preferreddental@yahoo.com,valid,,+17075448338,http://www.preferreddentalcaresantarosa.com/,thin,,,2801 Yulupa Ave,Santa Rosa,thin/placeholder site; premium category; email+phone
86,A,Email — site dead; premium value,Oralkure,dentist,premium,site dead,email+phone,,care@oralkure.com,unknown,,+17078235308,https://www.oralkure.com/,dead,,,7138 Willow St,Sebastopol,site dead; premium category; email+phone
86,A,Email — thin/placeholder site; premium value,All Weather Heating & Cooling,hvac_services,premium,thin/placeholder site,email+phone,,srallweather@yahoo.com,valid,,+17075284220,http://www.trane.com,thin,,,329 Sutton Pl,Santa Rosa,thin/placeholder site; premium category; email+phone
86,A,Email — site dead; premium value,Watkins Builders,contractor,premium,site dead,email+phone,,info@watkinsbuildersinc.com,risky,,+17077996613,http://watkinsbuildersca.com/,dead,,,3637 Hacienda Dr,Santa Rosa,site dead; premium category; email+phone
86,A,Email — thin/placeholder site; premium value,Grace Dental Santa Rosa,cosmetic_dentist,premium,thin/placeholder site,email+phone,,gracedentalsantarosa@gmail.com,valid,,+17075398762,https://tingjenjidds.com/,thin,,,170 Farmers Ln,Santa Rosa,thin/placeholder site; premium category; email+phone
86,A,Email — thin/placeholder site; premium value,Monique E Diaz,dentist,premium,thin/placeholder site,email+phone,,luismdiazddsinc@gmail.com,valid,,+17075730777,http://www.santarosasedationdentist.com/,thin,,,119 College Ave,Santa Rosa,thin/placeholder site; premium category; email+phone
86,A,Email — thin/placeholder site; premium value,Reynoso's Stoneworks,contractor,premium,thin/placeholder site,email+phone,,reynososstoneworks@yahoo.com,valid,,+17073218980,http://www.reynosostoneworks.com,thin,,,1532 Buckboard Pl,Santa Rosa,thin/placeholder site; premium category; email+phone
86,A,Email — site dead; premium value,Taylor Energy,contractor,premium,site dead,email+phone,,info@taylor-energy.com,unknown,,+17074946008,http://www.taylor-energy.com/,dead,,,612 Petaluma Ave,Sebastopol,site dead; premium category; email+phone
86,A,Email — thin/placeholder site; premium value,Hammer and Bonin Cosmetic & Family Dentistry,dentist,premium,thin/placeholder site,email+phone,,hammerdental@yahoo.com,valid,,+17075266160,http://smilesinsantarosa.com,thin,,,2448 Guerneville Rd #700 # 700,Santa Rosa,thin/placeholder site; premium category; email+phone
86,A,Email — site dead; premium value,Matthew Anderson DMD MSD,dentist,premium,site dead,email+phone,,info@sonomacountydentist.com,risky,,+17075263303,http://www.sonomacountydentist.com/,dead,,,90 Doctors Park Dr,Santa Rosa,site dead; premium category; email+phone
86,A,Email — thin/placeholder site; premium value,Dr Conrad Block DDS,dentist,premium,thin/placeholder site,email+phone,,blockdds@comcast.net,valid,,+17075451213,http://www.conradeblockdentist.com,thin,,,70 Doctors Park Dr,Santa Rosa,thin/placeholder site; premium category; email+phone
86,A,Email — thin/placeholder site; premium value,Hardware Tech,building_contractor,premium,thin/placeholder site,email+phone,,tyler@hardwaretechinc.com,valid,,+17075451543,http://www.hardwaretechinc.com,thin,,,108 8th St,Santa Rosa,thin/placeholder site; premium category; email+phone
86,A,Email — site dead; premium value,Krystle Lim DDS,dentist,premium,site dead,email+phone,,info@krystlelimdds.com,risky,,+17075791100,http://www.krystlelimdds.com/,dead,,,131 Stony Cir,Santa Rosa,site dead; premium category; email+phone
86,A,Email — site dead; premium value,Bohemian Esoterica,medical_spa,premium,site dead,email+phone,,liz@sebuc.org,unknown,,+17075095961,http://www.bohemianesoterica.com/,dead,,,555 Petaluma Ave,Sebastopol,site dead; premium category; email+phone
86,A,Email — site dead; premium value,Golden State Electric,electrician,premium,site dead,email+phone,,info@goldenstateelectric.com,risky,,+17075754111,http://www.goldenstateelectric.com,dead,,,947 Piner Pl,Santa Rosa,site dead; premium category; email+phone
86,A,Email — thin/placeholder site; premium value,Josh Hammer Dmd & Scott Bonin Dds,dentist,premium,thin/placeholder site,email+phone,,hammerdental@yahoo.com,valid,,+17075266160,http://smilesinsantarosa.com/,thin,,,2448 Guerneville Rd,Santa Rosa,thin/placeholder site; premium category; email+phone
86,A,Email — site dead; premium value,Kelly A. Elward,dentist,premium,site dead,email+phone,,frontdesk@drelward.com,unknown,,+17075394646,http://www.DrElward.com/,dead,,,1820 Sonoma Ave,Santa Rosa,site dead; premium category; email+phone
86,A,Email — site dead; premium value,Bennett Valley Dental,dentist,premium,site dead,email+phone,,info@bennettvalleydental.com,risky,,+17075427299,http://www.bennettvalleydental.com/,dead,,,2798 Yulupa Ave,Santa Rosa,site dead; premium category; email+phone
86,A,Email — thin/placeholder site; premium value,Nor-Cal Fence,building_contractor,premium,thin/placeholder site,email+phone,Saeed Yousuf,lisa@powerpoleservice.com,unknown,,+17075881979,https://www.dryco.com,thin,https://www.facebook.com/DRYCOconstructioninc/,https://www.instagram.com/drycoconstruction/,4156 Santa Rosa Ave,Santa Rosa,thin/placeholder site; premium category; email+phone; owner Saeed Yousuf; active social
86,A,Email — site dead; premium value,Carretero Construction Inc.,contractor,premium,site dead,email+phone,,admin@carreteroconstruction.com,unknown,,+17076900400,https://carreteroconstruction.com/,dead,,,3632 Airway Dr,Santa Rosa,site dead; premium category; email+phone
86,A,Email — thin/placeholder site; premium value,Catalon Phillip J DDS,cosmetic_dentist,premium,thin/placeholder site,email+phone,,catalondds@comcast.net,valid,,+17075782000,http://drphilcatalon.com/,thin,,,3080 Marlow Rd,Santa Rosa,thin/placeholder site; premium category; email+phone
86,A,Email — site dead; premium value,SANTA ROSA ORTHODONTICS,dentist,premium,site dead,email+phone,,info@santarosaortho.com,unknown,,+17075761240,http://www.santarosaortho.com,dead,,,1791 Marlow Rd Ste 9,Santa Rosa,site dead; premium category; email+phone
86,A,Email — site dead; premium value,Motion Sports Chiropractic,chiropractor,premium,site dead,email+phone,,info@motionsportschiro.com,risky,,+17077553874,http://motionsportschiro.com/,dead,,,1209 College Ave,Santa Rosa,site dead; premium category; email+phone
86,A,Email — thin/placeholder site; premium value,Green Town Electric,electrician,premium,thin/placeholder site,email+phone,,greentownelectric@gmail.com,valid,,+17074905605,https://greentownelectrical.com/,thin,,,331 10th St,Santa Rosa,thin/placeholder site; premium category; email+phone
86,A,Email — thin/placeholder site; premium value,Alin N. Chera,dentist,premium,thin/placeholder site,email+phone,,sonomacountysmiles@yahoo.com,valid,,+17075422676,http://www.sonomacountysmiles.com/,thin,,,838 2nd St,Santa Rosa,thin/placeholder site; premium category; email+phone
86,A,Email — thin/placeholder site; premium value,Laguna Veterinary Hospital,veterinarian,premium,thin/placeholder site,email+phone,,lagunavet@sbcglobal.net,valid,,+17075281448,http://www.lagunaveterinaryhospital.com,thin,,,5341 Highway 12,Santa Rosa,thin/placeholder site; premium category; email+phone
86,A,Email — site dead; premium value,"Setareh Law, APLC Injury Lawyers - Santa Rosa",lawyer,premium,site dead,email+phone,,info@setarehfirm.com,risky,,+17072899438,https://www.setarehfirm.com/santa-rosa-personal-injury-lawyer/,dead,,,"427 Mendocino Ave #100, Santa Rosa",Santa Rosa,site dead; premium category; email+phone
86,A,Email — thin/placeholder site; premium value,Priceless Dental Group,general_dentistry,premium,thin/placeholder site,email+phone,,createdental@gmail.com,valid,,+17079782296,http://www.pricelessdentalgroup.com/,thin,,,1175 W Steele Ln,Santa Rosa,thin/placeholder site; premium category; email+phone
86,A,Email — thin/placeholder site; premium value,Rainbow Comfort,hvac_services,premium,thin/placeholder site,email+phone,,jim@rainbowcomfort.com,valid,,+17074848777,http://rainbowcomfort.com/,thin,,,1415 Fulton Rd,Santa Rosa,thin/placeholder site; premium category; email+phone
86,A,Email — thin/placeholder site; premium value,Northbay Dental Care,general_dentistry,premium,thin/placeholder site,email+phone,,nbdc295@yahoo.com,valid,,+17075784700,https://www.northbaydentalcaresr.com/,thin,,,1400 N Dutton Ave,Santa Rosa,thin/placeholder site; premium category; email+phone
86,A,Email — thin/placeholder site; premium value,MG Masonry Inc,masonry_contractors,premium,thin/placeholder site,email+phone,,mgmasonryc@gmail.com,valid,,+17074951094,https://mg-masonry.com/,thin,,,1589 Jennings Ave,Santa Rosa,thin/placeholder site; premium category; email+phone
86,A,Email — thin/placeholder site; premium value,Christine M Ford DDS,dentist,premium,thin/placeholder site,email+phone,,appt1@santarosaperio.com,valid,,+17075687633,http://www.santarosaperio.com/,thin,,,101 Brookwood Ave,Santa Rosa,thin/placeholder site; premium category; email+phone
86,A,Email — thin/placeholder site; premium value,Dr Mordecai Chiropractic,chiropractor,premium,thin/placeholder site,email+phone,,mordecai.dumbadse.chiropractic@gmail.com,valid,,+17075758929,http://mdmchiro.com,thin,,,Second street,Santa Rosa,thin/placeholder site; premium category; email+phone
86,A,Email — thin/placeholder site; premium value,The Children's Dental Health Center,dentist,premium,thin/placeholder site,email+phone,,smile4tots@yahoo.com,valid,,+17075465437,http://nokandy.com/,thin,,,4655 Hoen Ave,Santa Rosa,thin/placeholder site; premium category; email+phone
86,A,Email — site dead; premium value,Cimino Electric Inc,contractor,premium,site dead,email+phone,,office@ciminoelectric.com,risky,,+17075426231,http://www.ciminoelectric.com/,dead,,,3267 Dutton Ave,Santa Rosa,site dead; premium category; email+phone
86,A,Email — site dead; premium value,Michael Rice,dentist,premium,site dead,email+phone,,info@santarosadental.com,risky,,+17075787701,http://santarosadental.com,dead,,,1820 Sonoma Ave,Santa Rosa,site dead; premium category; email+phone
86,A,Email — thin/placeholder site; premium value,Hug Plumbing Heating And Cooling,hvac_services,premium,thin/placeholder site,email+phone,,danielhug@comcast.net,valid,,+17075667003,http://www.hugplumbing.com,thin,,,2777 Yulupa Ave Ste 345,Santa Rosa,thin/placeholder site; premium category; email+phone
86,A,Email — thin/placeholder site; premium value,ARS Roofing & Gutters,roofing,premium,thin/placeholder site,email+phone,Letitia Hanke,support@arsroofing.com,risky,,+17075845900,https://www.arsroofing.com/,thin,https://www.facebook.com/ARSRoofingSantaRosa/,https://www.instagram.com/arsroofingandgutters/,1400 Petaluma Hill Rd Ste A,Santa Rosa,thin/placeholder site; premium category; email+phone; owner Letitia Hanke; active social
86,A,Email — thin/placeholder site; premium value,Nataliya Vorobets Family Dentistry,general_dentistry,premium,thin/placeholder site,email+phone,,vorobetsddsfront@gmail.com,valid,,+17078233654,https://sebastopol-dentist.com/,thin,,,7728 Healdsburg Ave,Sebastopol,thin/placeholder site; premium category; email+phone
86,A,Email — site dead; premium value,Temperature Solutions Inc,hvac_services,premium,site dead,email+phone,,office@tempsolinc.com,unknown,,+17077238715,http://TempSolinc.com/,dead,,,3200 Dutton Ave,Santa Rosa,site dead; premium category; email+phone
86,A,Email — site dead; premium value,Core Electrical Services Inc,electrician,premium,site dead,email+phone,,terri@core-elect.com,unknown,,+17076875083,http://www.core-elect.com/,dead,,,3250 Dutton Ave,Santa Rosa,site dead; premium category; email+phone
86,A,Email — thin/placeholder site; premium value,Wine Country Roofing Inc.,roofing,premium,thin/placeholder site,email+phone,Angel Vera,info@winecountryroofing.com,risky,,+17075785969,https://winecountryroofing.com/,thin,https://www.facebook.com/Wine-Country-Roofing-169232279794581/,,2925 Alton Ln,Santa Rosa,thin/placeholder site; premium category; email+phone; owner Angel Vera; active social
86,A,Email — thin/placeholder site; premium value,"Mikulich, Leslie DVM",veterinarian,premium,thin/placeholder site,email+phone,,drmik@sbcglobal.net,valid,,+17075447714,http://www.lesliemikulichdvm.com,thin,,,2766 Guerneville Rd,Santa Rosa,thin/placeholder site; premium category; email+phone
86,A,Email — thin/placeholder site; premium value,DR Electric Services,electrician,premium,thin/placeholder site,email+phone,,drelectric@yahoo.com,valid,,+17074841630,http://www.drelectricco.com/,thin,,,2513 Greenvale Ct,SANTA ROSA,thin/placeholder site; premium category; email+phone
86,A,Email — site dead; premium value,Michael Hamblin,dentist,premium,site dead,email+phone,,info@michaelhamblindds.com,unknown,,+17075446280,http://www.michaelhamblindds.com/,dead,,,1202 Farmers Ln,Santa Rosa,site dead; premium category; email+phone
86,A,Email — thin/placeholder site; premium value,California Tile Roof Restoration,roofing,premium,thin/placeholder site,email+phone,,californiatileroofrestoration@gmail.com,valid,,+18338766348,http://californiatileroofrestoration.com/,thin,,,703 2nd St,Santa Rosa,thin/placeholder site; premium category; email+phone
86,A,Email — thin/placeholder site; premium value,Hartley Window Coverings,building_contractor,premium,thin/placeholder site,email+phone,Mike Hartley,info@hartley-hmi.com,unknown,,+17075258256,http://www.hartleywindowcoverings.com,thin,https://www.facebook.com/hartleywindowcoverings/,https://www.instagram.com/hartleywindowcoverings/?hl=en,111 Sebastopol Rd,Santa Rosa,thin/placeholder site; premium category; email+phone; owner Mike Hartley; active social
86,A,Email — site dead; premium value,Redwood Empire Restoration,flooring_contractors,premium,site dead,email+phone,,info@bbbemail.org,risky,,+17078496601,https://www.homeadvisor.com/rated.RedWoodEmpire.8157003.html,dead,,,2097 Bellevue Rnch,Santa Rosa,site dead; premium category; email+phone
86,A,Email — site dead; premium value,Ron Dorris Electric & Solar,electrician,premium,site dead,email+phone,,ron@rondorriselectric.com,unknown,,+17075780678,https://www.rondorriselectric.com/,dead,,,3100 Dutton Ave,Santa Rosa,site dead; premium category; email+phone
86,A,Email — site dead; premium value,Vivify Custom Remodeling Inc - North Bay,contractor,premium,site dead,email+phone,,adminnb@vivifyremodeling.com,unknown,,+17076665691,https://viv.rpmlocal.com/#,dead,,,3250 Dutton Ave,Santa Rosa,site dead; premium category; email+phone
85,A,Email — NO website; solid value,Chem Mark of Santa Rosa,restaurant_equipment_and_supply,solid,NO website,email+phone,,scotdelaney@gmail.com,valid,,+17075396365,,,,,1666 Piner Rd,Santa Rosa,NO website; solid category; email+phone
85,A,Email — NO website; solid value,Lety Blooming Beauty Studio,beauty_and_spa,solid,NO website,email+phone,,letyblooomingbeauty@gmail.com,valid,,+17076940747,,,,,4525 Montgomery Dr,Santa Rosa,NO website; solid category; email+phone
85,A,Email — NO website; solid value,Dino's Cave,restaurant,solid,NO website,email+phone,,dinoscave64@gmail.com,valid,,+17074839999,,,,,123 Farmers Ln,Santa Rosa,NO website; solid category; email+phone
85,A,Email — NO website; solid value,Sonoma county beauty lab,beauty_and_spa,solid,NO website,email+phone,,hairpinsandlashes@yahoo.com,valid,,+17073186307,,,,,527 Mendocino Ave,Santa Rosa,NO website; solid category; email+phone
85,A,Email — NO website; solid value,Santa Rosa Fitworx,gym,solid,NO website,email+phone,,fitworx.santarosa@gmail.com,valid,,+17076969063,,,,,1001 Sebastopol Rd,Santa Rosa,NO website; solid category; email+phone
85,A,Email — NO website; solid value,Luttge Auto Service,automotive_repair,solid,NO website,email+phone,,kaypmom@msn.com,valid,,+17075784003,,,,,515 Frazier Ave,Santa Rosa,NO website; solid category; email+phone
85,A,Email — NO website; solid value,Beautiful Reflections with Amber,beauty_and_spa,solid,NO website,email+phone,,amber@beautifulreflections.net,valid,,+17074956001,,,,,1049 4th St,Santa Rosa,NO website; solid category; email+phone
85,A,Email — NO website; solid value,Marian Gardens Care Home,retirement_home,solid,NO website,email+phone,,handdmanagedcare@gmail.com,valid,,+17077913141,,,,,4908 Stonehedge Dr,Santa Rosa,NO website; solid category; email+phone
85,A,Email — NO website; solid value,Marvin's BBQ & Deli,barbecue_restaurant,solid,NO website,email+phone,,vikram@wilibees.com,valid,,+17078881315,,,,,495 S Main St,Sebastopol,NO website; solid category; email+phone
85,A,Email — NO website; solid value,Tapia's Alignment & Auto Repair,automotive_repair,solid,NO website,email+phone,,tapiasalignmentandauto@yahoo.com,valid,,+17075700414,,,,,321 W 9th St,Santa Rosa,NO website; solid category; email+phone
85,A,Email — NO website; solid value,Gio y Los Magos,mexican_restaurant,solid,NO website,email+phone,,gioylosmagos@gmail.com,valid,,+17073939229,,,,,100 Sebastopol Rd,Santa Rosa,NO website; solid category; email+phone
85,A,Email — NO website; solid value,Canto's Dragon Martial Arts,gym,solid,NO website,email+phone,,dragon_martialarts@yahoo.com,valid,,+17079532996,,,,,"Sebastopol Subud Hall, 234 Hutchins Ave",Sebastopol,NO website; solid category; email+phone
85,A,Email — NO website; solid value,A Dog A Day,hot_dog_restaurant,solid,NO website,email+phone,,adogaday@gmail.com,valid,,+17077727799,,,,,4055 Santa Rosa Ave,Santa Rosa,NO website; solid category; email+phone
85,A,Email — NO website; solid value,Cosmic Lee InTune,spas,solid,NO website,email+phone,,cosmicleeintune@gmail.com,valid,,+14256147439,https://linktr.ee/Cosmic_Lee_InTune,,,,103 Morris St,Sebastopol,NO website; solid category; email+phone
85,A,Email — NO website; solid value,Country Rose Assisted Living,retirement_home,solid,NO website,email+phone,,country.rose.al@gmail.com,valid,,+17074950801,,,,,2273 W Hearn Ave,Santa Rosa,NO website; solid category; email+phone
85,A,Email — NO website; solid value,J and W Foreign Auto Service,automotive_repair,solid,NO website,email+phone,,jwforeignauto@yahoo.com,valid,,+17078239797,,,,,401 S Main St,Sebastopol,NO website; solid category; email+phone
85,A,Email — NO website; solid value,Sonoma Building Services,home_cleaning,solid,NO website,email+phone,,sonomabuildingservices@gmail.com,valid,,+17074956573,https://sonoma-building-services.business.site/?m=true,,,,2930 Bay Village Cir,Santa Rosa,NO website; solid category; email+phone
85,A,Email — NO website; solid value,Daisy Bud Gardening Services,landscaping,solid,NO website,email+phone,,diamondgardening90@yahoo.com,valid,,+17075399090,http://gomez-yard-maintenance.business.site/,,,,,Santa Rosa,NO website; solid category; email+phone
85,A,Email — NO website; solid value,Park Avenue Cleaners,dry_cleaning,solid,NO website,email+phone,,parkavenuedrycleaning@gmail.com,valid,,+17075259510,https://parkavenuecleaners-drycleaner.business.site,,,,320 W 3rd St,Santa Rosa,NO website; solid category; email+phone
85,A,Email — NO website; solid value,Herrera Auto Repair,automotive_repair,solid,NO website,email+phone,,herrerlegacy@gmail.com,valid,,+17076232916,https://herreraautorepair.business.site,,,,50 W Barham Ave,Santa Rosa,NO website; solid category; email+phone
85,A,Email — NO website; solid value,SOCO Lashes,beauty_and_spa,solid,NO website,email+phone,,socobeautycollective@gmail.com,valid,,+17074908550,https://www.facebook.com/whenyouwishuponalash?mibextid=wwXIfr,,,,130 S Main St,Sebastopol,NO website; solid category; email+phone
85,A,Email — NO website; solid value,Alma Electronics Repair,automotive_repair,solid,NO website,email+phone,,almanaseer@att.net,valid,,+17075231228,,,,,2675 Cleveland Ave,Santa Rosa,NO website; solid category; email+phone
85,A,Email — NO website; solid value,Cruzzin Smogs,automotive_repair,solid,NO website,email+phone,,sparken707@gmail.com,valid,,+17078007817,,,,,1009 S A St,Santa Rosa,NO website; solid category; email+phone
85,A,Email — NO website; solid value,YotaPro Automotive- Toyota Specialist,automotive_repair,solid,NO website,email+phone,,yotaproauto@gmail.com,valid,,+17075967555,,,,,244 Colgan Ave,Santa Rosa,NO website; solid category; email+phone
85,A,Email — NO website; solid value,Santa Rosa Pizzeria,pizza_restaurant,solid,NO website,email+phone,,santarosapizzeria707@gmail.com,valid,,+17077082502,https://www.google.com/search?sa=X&hl=en-US&authuser=0&biw=1738&bih=877&sxsrf=AB5stBgwrq6lvxC4_MqCQXjil2fTB8M-Ww%3A1691456658567&q=Santa+Rosa+Pizzeria&stick=H4sIAAAAAAAAAONgU1I1qLAwsDAxMU9NM0qyTEpMMza3MqhItEyxTDFISzU0TU2zTDVKWsQqHJyYV5KoEJRfnKgQkFlVlVqUmQgAIJaB4z8AAAA&mat=CU3iKZZbaO9t&ved=2ahUKEwifraWK78uAAxUFJ0QIHQDXAz4QrMcEegQIDRAD,,,,500 Mission Blvd,Santa Rosa,NO website; solid category; email+phone
85,A,Email — NO website; solid value,Alvarez Mexican Restaurant,mexican_restaurant,solid,NO website,email+phone,,alvarezfurniture595@gmail.com,valid,,+17075288933,https://www.groupon.com/biz/santa-rosa/mi-gusto-mexican-restaurant,,,,443 Dutton Ave Ste 9,Santa Rosa,NO website; solid category; email+phone
85,A,Email — NO website; solid value,El Milagro Taco Truck,taco_restaurant,solid,NO website,email+phone,,foodtruckelmilagro@gmail.com,valid,,+17077585978,https://instagram.com/el_milagro_taco_707?igshid=YmMyMTA2M2Y%3D,,,,1212 Petaluma Hill Rd,Santa Rosa,NO website; solid category; email+phone
85,A,Email — NO website; solid value,Danny’s Tire Services LLC,automotive_repair,solid,NO website,email+phone,,dannystireservice1@gmail.com,valid,,+17074773903,,,,,1267 Martha Way,Santa Rosa,NO website; solid category; email+phone
85,A,Email — NO website; solid value,Pagnano's Automotive,automotive_repair,solid,NO website,email+phone,,bpagnano@comcast.net,valid,,+17075443020,,,,,2815 Alton Ln,Santa Rosa,NO website; solid category; email+phone
85,A,Email — NO website; solid value,El Brinquito Restaurant,latin_american_restaurant,solid,NO website,email+phone,,taqueriaelbrinquito@yahoo.com,valid,,+17075261100,,,,,810 Piner Rd,Santa Rosa,NO website; solid category; email+phone
85,A,Email — NO website; solid value,Petals & Ivy Soap,beauty_and_spa,solid,NO website,email+phone,,petalsandivysoapco@gmail.com,valid,,+17073123669,,,,,1909 Whitchurch Pl,Santa Rosa,NO website; solid category; email+phone
85,A,Email — NO website; solid value,Taqueria Morelos,mexican_restaurant,solid,NO website,email+phone,,taqueriamolcajetessr@gmail.com,valid,,+17078477711,,,,,2101 W College Ave,Santa Rosa,NO website; solid category; email+phone
85,A,Email — NO website; solid value,Taller Mecánico PP,automotive_repair,solid,NO website,email+phone,,matt.vla1509@gmail.com,valid,,+523319791097,,,,,Invi Santa Anita,Santa Rosa,NO website; solid category; email+phone
85,A,Email — NO website; solid value,Tita’s Cuisine,mexican_restaurant,solid,NO website,email+phone,,achimal1980@gmail.com,valid,,+17078896956,,,,,959 Sebastopol Rd,Santa Rosa,NO website; solid category; email+phone
85,A,Email — NO website; solid value,Mi Pueblo Santa Rosa,mexican_restaurant,solid,NO website,email+phone,,mipueblosantarosa@gmail.com,valid,,+17078437804,http://mi-pueblo-santa-rosa.business.site/?utm_source=gmb&utm_medium=referal,,,,703 4th St,Santa Rosa,NO website; solid category; email+phone
85,A,Email — NO website; solid value,MoMo Man,caterer,solid,NO website,email+phone,,themomoman.us@gmail.com,valid,,+17073041137,https://linktr.ee/momoman.us,,,,1750 Santa Rosa Ave,Santa Rosa,NO website; solid category; email+phone
85,A,Email — NO website; solid value,Sonoma County Eco Clean Cleaning Services,home_cleaning,solid,NO website,email+phone,,sonomacountyecoclean@gmail.com,valid,,+17073046086,https://linktr.ee/sonomacountyecoclean,,,,3642 Primrose Ave,Santa Rosa,NO website; solid category; email+phone
85,A,Email — NO website; solid value,Taj Cafe,indian_restaurant,solid,NO website,email+phone,,tajsantarosa@gmail.com,valid,,+17073084190,,,,,1940 Piner Rd,Santa Rosa,NO website; solid category; email+phone
85,A,Email — NO website; solid value,A & B Boxing,gym,solid,NO website,email+phone,,athleticbrotherhood@hotmail.com,valid,,+17076940992,,,,,1015 Petaluma Hill Rd,Santa Rosa,NO website; solid category; email+phone
85,A,Email — site dead; premium value,Shaped Aesthetics & Wellness,medical_spa,premium,site dead,email,,shapedaesthetics@gmail.com,valid,,,http://www.shapedaestheticsmedspa.com/,dead,,,2314 4th St,Santa Rosa,site dead; premium category; email
85,A,Email — NO website; solid value,Focus Forward Studio,sports_and_fitness_instruction,solid,NO website,email+phone,,roxward@gmail.com,valid,,+17078493514,https://linktr.ee/focusforwardstudio,,,,4283 Montgomery Dr,Santa Rosa,NO website; solid category; email+phone
85,A,Email — NO website; solid value,Tortilleria apatzingàn,mexican_restaurant,solid,NO website,email+phone,,tortilleria.apatzingan@gmail.com,valid,,+12094123069,https://instagram.com/tortilleria_apatzingan?igshid=YmMyMTA2M2Y%3D,,,,665 Sebastopol Rd,Santa Rosa,NO website; solid category; email+phone
85,A,Email — NO website; solid value,MG Audio,automotive_parts_and_accessories,solid,NO website,email+phone,,miguel.henandez@sbcglobal.net,valid,,+17078893476,http://www.yelp.com/biz/mg-audio-santa-rosa,,,,597 Cherrywood Dr,Santa Rosa,NO website; solid category; email+phone
85,A,Email — NO website; solid value,Pato Auto Repair,automotive_repair,solid,NO website,email+phone,,patoautorepair@gmail.com,valid,,+17073939565,,,,,3210 Coffey Ln,Santa Rosa,NO website; solid category; email+phone
85,A,Email — NO website; solid value,U-Save Cleaners,dry_cleaning,solid,NO website,email+phone,,usavecleaners707@gmail.com,valid,,+17075781470,,,,,600 Lewis Rd,Santa Rosa,NO website; solid category; email+phone
85,A,Email — NO website; solid value,Jerry Alward Art and Color,automotive,solid,NO website,email+phone,,satellitewolfe@yahoo.com,valid,,+17076945964,,,,,702 Silva Ave,Santa Rosa,NO website; solid category; email+phone
85,A,Email — NO website; solid value,Kings Tires,tire_dealer_and_repair,solid,NO website,email+phone,,kingstires2@yahoo.com,valid,,+17075426307,,,,,1075 Santa Rosa Ave,Santa Rosa,NO website; solid category; email+phone
85,A,Email — NO website; solid value,Silva's Auto Care And Handy Service.,automotive_repair,solid,NO website,email+phone,,handydanny247@gmail.com,valid,,+17075960113,,,,,705 W Jasmine Cir,Santa Rosa,NO website; solid category; email+phone
85,A,Email — NO website; solid value,Calrich Auto Group,automotive_repair,solid,NO website,email+phone,,calrichrburt@yahoo.com,valid,,+17075453461,,,,,127 W Barham Ave,Santa Rosa,NO website; solid category; email+phone
85,A,Email — NO website; solid value,Estuar Auto Repair,automotive,solid,NO website,email+phone,,padillawener@gmail.com,valid,,+17073180074,,,,,1701 santa rosa ave,Santa Rosa,NO website; solid category; email+phone
85,A,Email — NO website; solid value,Shaw Automotive,automotive_repair,solid,NO website,email+phone,,shawauto101@gmail.com,valid,,+17078494881,https://yelp.to/qTKq/x4NBiv2NG6,,,,1008 S A St,Santa Rosa,NO website; solid category; email+phone
