niche,count
winery,170
real_estate_agent,71
church_cathedral,51
community_services_non_profits,51
farm,46
automotive_repair,43
beauty_salon,42
doctor,34
hotel,31
gas_station,28
hair_salon,26
campground,25
coffee_shop,25
grocery_store,24
rv_park,23
professional_services,22
contractor,21
gym,21
restaurant,21
bed_and_breakfast,20
elementary_school,20
medical_center,20
mexican_restaurant,18
self_storage_facility,18
convenience_store,17
thrift_store,17
american_restaurant,16
dentist,16
pizza_restaurant,16
active_life,15
bar,15
nail_salon,15
nurse_practitioner,15
public_and_government_association,15
wine_bar,15
real_estate,14
retail,14
holiday_rental_home,13
mobile_home_park,13
public_service_and_government,13
tattoo_and_piercing,13
barber,12
high_school,12
insurance_agency,12
antique_store,11
education,11
fire_department,11
flowers_and_gifts_shop,11
hospital,11
resort,11
social_service_organizations,11
spas,11
bank_credit_union,10
bar_and_grill_restaurant,10
beauty_and_spa,10
clothing_store,10
event_planning,10
farmers_market,10
health_and_medical,10
hvac_services,10
lodge,10
property_management,10
retirement_home,10
school,10
tobacco_shop,10
art_gallery,9
arts_and_entertainment,9
atms,9
auto_insurance,9
funeral_services_and_cemeteries,9
home_service,9
plumbing,9
preschool,9
religious_organization,9
shopping,9
auto_detailing,8
cafe,8
cardiologist,8
construction_services,8
courier_and_delivery_services,8
fire_protection_service,8
furniture_store,8
landscaping,8
obstetrician_and_gynecologist,8
organization,8
pet_store,8
race_track,8
auto_parts_and_supply_store,7
bakery,7
brewery,7
building_supply_store,7
cannabis_clinic,7
day_care_preschool,7
electrician,7
gift_shop,7
home_health_care,7
internal_medicine,7
jewelry_store,7
middle_school,7
pediatrician,7
pet_groomer,7
public_utility_company,7
storage_facility,7
venue_and_event_space,7
water_supplier,7
barbecue_restaurant,6
business_management_services,6
carpet_store,6
casino,6
chiropractor,6
cosmetic_dentist,6
credit_union,6
laundromat,6
library,6
liquor_store,6
massage_therapy,6
skate_park,6
thai_restaurant,6
tire_dealer_and_repair,6
veterinarian,6
wine_tasting_room,6
animal_shelter,5
appliance_repair_service,5
automotive,5
cabin,5
caterer,5
catholic_church,5
community_center,5
delicatessen,5
equestrian_facility,5
fast_food_restaurant,5
financial_service,5
golf_course,5
health_food_store,5
home_cleaning,5
hunting_and_fishing_supplies,5
it_service_and_computer_repair,5
mobile_phone_store,5
museum,5
music_production,5
pet_services,5
real_estate_service,5
roofing,5
shopping_center,5
smoothie_juice_bar,5
travel,5
tree_services,5
accommodation,4
acupuncture,4
agriculture,4
airport,4
apartments,4
appliance_store,4
arts_and_crafts,4
auto_body_shop,4
auto_glass_service,4
automotive_services_and_repair,4
bail_bonds_service,4
cannabis_dispensary,4
corporate_office,4
diner,4
disability_services_and_support_organization,4
discount_store,4
dive_bar,4
fabric_store,4
family_practice,4
forestry_service,4
gastropub,4
glass_and_mirror_sales_service,4
history_museum,4
home_improvement_store,4
industrial_equipment,4
lawyer,4
lumber_store,4
martial_arts_club,4
massage,4
mortgage_broker,4
motorcycle_repair,4
naturopathic_holistic,4
notary_public,4
pain_management,4
pest_control_service,4
pet_breeder,4
pharmacy,4
psychiatrist,4
recreational_vehicle_dealer,4
sandwich_shop,4
senior_citizen_services,4
skin_care,4
social_and_human_services,4
sporting_goods,4
trusts,4
used_vintage_and_consignment,4
womens_clothing_store,4
agricultural_service,3
ambulance_and_ems_services,3
auto_customization,3
automotive_parts_and_accessories,3
banks,3
baptist_church,3
bicycle_shop,3
boat_service_and_repair,3
boutique,3
brake_service_and_repair,3
business_manufacturing_and_supply,3
car_wash,3
carpenter,3
college_university,3
cosmetic_and_beauty_supplies,3
counseling_and_mental_health,3
day_spa,3
dialysis_clinic,3
donuts,3
event_photography,3
gardener,3
general_dentistry,3
hardware_store,3
hydraulic_equipment_supplier,3
ice_cream_shop,3
interior_design,3
junkyard,3
livestock_breeder,3
marina,3
masonry_concrete,3
mobile_phone_repair,3
music_venue,3
national_park,3
nature_reserve,3
nursery_and_gardening,3
optometrist,3
orthodontist,3
printing_services,3
propane_supplier,3
psychologist,3
public_school,3
shipping_center,3
social_welfare_center,3
sports_and_recreation_venue,3
surgeon,3
tanning_salon,3
tire_shop,3
topic_concert_venue,3
urban_farm,3
used_car_dealer,3
window_washing,3
yoga_studio,3
accountant,2
armed_forces_branch,2
art_school,2
attractions_and_activities,2
b2b_cleaning_and_waste_management,2
beer_bar,2
boat_rental_and_training,2
boat_storage_facility,2
bookstore,2
breakfast_and_brunch_restaurant,2
burger_restaurant,2
business_consulting,2
butcher_shop,2
car_dealer,2
car_stereo_store,2
central_government_office,2
chicken_restaurant,2
childrens_clothing_store,2
chimney_sweep,2
cinema,2
countertop_installation,2
department_of_motor_vehicles,2
disc_golf_course,2
dog_park,2
dog_trainer,2
driving_school,2
e_cigarette_store,2
ear_nose_and_throat,2
electronics,2
engineering_services,2
excavation_service,2
fair,2
fashion,2
fashion_accessories_store,2
fishing_charter,2
fishing_club,2
flea_market,2
freight_and_cargo_service,2
furniture_assembly,2
garbage_collection_service,2
gymnastics_center,2
hair_supply_stores,2
home_goods_store,2
home_inspector,2
horse_boarding,2
horse_riding,2
horseback_riding_service,2
indian_restaurant,2
key_and_locksmith,2
korean_restaurant,2
legal_services,2
lounge,2
medical_service_organizations,2
medical_spa,2
medical_supply,2
metal_fabricator,2
movers,2
musical_instrument_store,2
observatory,2
oil_change_station,2
ophthalmologist,2
outdoor_gear,2
painting,2
pentecostal_church,2
personal_injury_law,2
physical_therapy,2
physician_assistant,2
podiatrist,2
pool_cleaning,2
pop_up_shop,2
private_school,2
safety_equipment,2
screen_printing_t_shirt_printing,2
septic_services,2
sky_diving,2
software_development,2
specialty_grocery_store,2
sports_club_and_league,2
state_park,2
supermarket,2
t_shirt_store,2
tax_services,2
telecommunications_company,2
towing_service,2
travel_services,2
urologist,2
video_game_store,2
warehouses,2
windshield_installation_and_repair,2
wine_wholesaler,2
youth_organizations,2
after_school_program,1
agricultural_cooperatives,1
aircraft_dealer,1
airlines,1
amateur_sports_league,1
amusement_park,1
appraisal_services,1
architect,1
architectural_designer,1
aromatherapy,1
asian_restaurant,1
assisted_living_facility,1
auction_house,1
auto_electrical_repair,1
automobile_registration_service,1
b2b_agriculture_and_food,1
b2b_textiles,1
baseball_field,1
beach_resort,1
beer_garden,1
beverage_store,1
beverage_supplier,1
bike_rentals,1
books_mags_music_and_video,1
buddhist_temple,1
building_contractor,1
business,1
business_records_storage_and_management,1
business_to_business,1
cabinet_sales_service,1
cancer_treatment_center,1
car_rental_agency,1
car_window_tinting,1
cards_and_stationery_store,1
caribbean_restaurant,1
cemeteries,1
chambers_of_commerce,1
charity_organization,1
check_cashing_payday_loans,1
cheese_shop,1
chicken_wings_restaurant,1
child_care_and_day_care,1
childrens_museum,1
cocktail_bar,1
comic_books_store,1
commercial_industrial,1
community_museum,1
computer_store,1
condominium,1
courthouse,1
criminal_defense_law,1
custom_clothing,1
cycling_classes,1
damage_restoration,1
dance_club,1
dance_school,1
dermatologist,1
desserts,1
diagnostic_imaging,1
diagnostic_services,1
distribution_services,1
drive_in_theater,1
drywall_services,1
educational_camp,1
educational_research_institute,1
electric_utility_provider,1
emergency_room,1
employment_agencies,1
energy_equipment_and_solution,1
european_restaurant,1
eye_care_clinic,1
eyelash_service,1
eyewear_and_optician,1
farming_services,1
fence_and_gate_sales_service,1
financial_advising,1
fish_farm,1
flight_school,1
flooring_contractors,1
flooring_store,1
florist,1
food_banks,1
food_beverage_service_distribution,1
food_truck,1
frozen_yoghurt_shop,1
fruits_and_vegetables,1
garage_door_service,1
general_litigation,1
gents_tailor,1
government_services,1
graphic_designer,1
gun_and_ammo,1
handyman,1
haunted_house,1
health_consultant,1
health_department,1
health_spa,1
heliports,1
home_decor,1
home_developer,1
homeless_shelter,1
hospice,1
hypnosis_hypnotherapy,1
infectious_disease_specialist,1
information_technology_company,1
installment_loans,1
international_grocery_store,1
internet_cafe,1
internet_service_provider,1
italian_restaurant,1
jehovahs_witness_kingdom_hall,1
kitchen_and_bath,1
kitchen_supply_store,1
laboratory_testing,1
landscape_architect,1
latin_american_restaurant,1
logging_contractor,1
logging_services,1
machine_and_tool_rentals,1
machine_shop,1
marketing_agency,1
media_news_company,1
meditation_center,1
mens_clothing_store,1
miniature_golf_course,1
mission,1
mobile_home_dealer,1
motorcycle_manufacturer,1
mountain_bike_trails,1
movie_television_studio,1
nutritionist,1
occupational_therapy,1
oncologist,1
paddleboard_rental,1
parking,1
party_and_event_planning,1
party_equipment_rental,1
party_supply,1
pediatric_cardiology,1
persian_iranian_restaurant,1
photographer,1
photography_store_and_services,1
plastic_surgeon,1
playground,1
political_organization,1
pool_billiards,1
powder_coating_service,1
pretzels,1
private_association,1
prosthodontist,1
pub,1
public_health_clinic,1
public_market,1
public_relations,1
recreation_vehicle_repair,1
recycling_center,1
rehabilitation_center,1
religious_school,1
rental_service,1
rental_services,1
rock_climbing_spot,1
rodeo,1
service_apartments,1
sewing_and_alterations,1
shoe_store,1
shooting_range,1
sign_making,1
soccer_field,1
specialty_school,1
stadium_arena,1
state_museum,1
steakhouse,1
swimwear_store,1
taco_restaurant,1
tattoo,1
taxidermist,1
telecommunications,1
tiling,1
topic_publisher,1
tours,1
town_hall,1
toy_store,1
train_station,1
transportation,1
truck_repair,1
urgent_care_clinic,1
vacation_rental_agents,1
vietnamese_restaurant,1
vitamins_and_supplements,1
vocational_and_technical_school,1
walk_in_clinic,1
water_purification_services,1
welding_supply_store,1
wholesale_store,1
wills_trusts_and_probate,1
womens_health_clinic,1
